date,unadjusted
2004-01-01,89
2004-01-02,58
2004-01-03,58
2004-01-04,22
2004-01-05,76
2004-01-06,74
2004-01-07,95
2004-01-08,64
2004-01-09,68
2004-01-10,52
2004-01-11,42
2004-01-12,67
2004-01-13,47
2004-01-14,53
2004-01-15,68
2004-01-16,84
2004-01-17,45
2004-01-18,55
2004-01-19,80
2004-01-20,81
2004-01-21,78
2004-01-22,69
2004-01-23,61
2004-01-24,55
2004-01-25,61
2004-01-26,74
2004-01-27,61
2004-01-28,77
2004-01-29,65
2004-01-30,64
2004-01-31,32
2004-02-01,43
2004-02-02,100
2004-02-03,54
2004-02-04,67
2004-02-05,74
2004-02-06,77
2004-02-07,38
2004-02-08,39
2004-02-09,81
2004-02-10,55
2004-02-11,62
2004-02-12,88
2004-02-13,66
2004-02-14,30
2004-02-15,55
2004-02-16,56
2004-02-17,60
2004-02-18,82
2004-02-19,66
2004-02-20,60
2004-02-21,31
2004-02-22,53
2004-02-23,72
2004-02-24,70
2004-02-25,53
2004-02-26,65
2004-02-27,87
2004-02-28,29
2004-02-29,55
2004-03-01,68
2004-03-02,78
2004-03-03,92
2004-03-04,74
2004-03-05,85
2004-03-06,38
2004-03-07,64
2004-03-08,0
2004-03-09,0
2004-03-10,77
2004-03-11,35
2004-03-12,91
2004-03-13,43
2004-03-14,32
2004-03-15,52
2004-03-16,78
2004-03-17,54
2004-03-18,57
2004-03-19,44
2004-03-20,56
2004-03-21,42
2004-03-22,57
2004-03-23,0
2004-03-24,73
2004-03-25,56
2004-03-26,49
2004-03-27,13
2004-03-28,51
2004-03-29,61
2004-03-30,78
2004-03-31,75
2004-04-01,73
2004-04-02,50
2004-04-03,45
2004-04-04,38
2004-04-05,71
2004-04-06,81
2004-04-07,74
2004-04-08,76
2004-04-09,69
2004-04-10,30
2004-04-11,32
2004-04-12,0
2004-04-13,0
2004-04-14,56
2004-04-15,52
2004-04-16,43
2004-04-17,30
2004-04-18,52
2004-04-19,54
2004-04-20,63
2004-04-21,75
2004-04-22,62
2004-04-23,63
2004-04-24,27
2004-04-25,50
2004-04-26,60
2004-04-27,58
2004-04-28,61
2004-04-29,46
2004-04-30,55
2004-05-01,54
2004-05-02,64
2004-05-03,62
2004-05-04,51
2004-05-05,68
2004-05-06,46
2004-05-07,90
2004-05-08,44
2004-05-09,41
2004-05-10,84
2004-05-11,69
2004-05-12,65
2004-05-13,51
2004-05-14,51
2004-05-15,37
2004-05-16,56
2004-05-17,60
2004-05-18,72
2004-05-19,45
2004-05-20,63
2004-05-21,53
2004-05-22,13
2004-05-23,39
2004-05-24,53
2004-05-25,57
2004-05-26,53
2004-05-27,52
2004-05-28,55
2004-05-29,21
2004-05-30,26
2004-05-31,36
2004-06-01,52
2004-06-02,42
2004-06-03,42
2004-06-04,51
2004-06-05,23
2004-06-06,29
2004-06-07,84
2004-06-08,50
2004-06-09,61
2004-06-10,40
2004-06-11,39
2004-06-12,45
2004-06-13,52
2004-06-14,38
2004-06-15,54
2004-06-16,55
2004-06-17,43
2004-06-18,37
2004-06-19,38
2004-06-20,25
2004-06-21,46
2004-06-22,43
2004-06-23,51
2004-06-24,24
2004-06-25,33
2004-06-26,20
2004-06-27,22
2004-06-28,30
2004-06-29,41
2004-06-30,48
2004-07-01,38
2004-07-02,39
2004-07-03,43
2004-07-04,26
2004-07-05,44
2004-07-06,73
2004-07-07,62
2004-07-08,43
2004-07-09,46
2004-07-10,17
2004-07-11,58
2004-07-12,45
2004-07-13,51
2004-07-14,29
2004-07-15,43
2004-07-16,40
2004-07-17,46
2004-07-18,51
2004-07-19,35
2004-07-20,35
2004-07-21,36
2004-07-22,53
2004-07-23,35
2004-07-24,34
2004-07-25,23
2004-07-26,40
2004-07-27,38
2004-07-28,39
2004-07-29,47
2004-07-30,36
2004-07-31,40
2004-08-01,23
2004-08-02,29
2004-08-03,74
2004-08-04,45
2004-08-05,53
2004-08-06,85
2004-08-07,28
2004-08-08,35
2004-08-09,42
2004-08-10,63
2004-08-11,64
2004-08-12,42
2004-08-13,68
2004-08-14,33
2004-08-15,45
2004-08-16,29
2004-08-17,63
2004-08-18,42
2004-08-19,58
2004-08-20,48
2004-08-21,21
2004-08-22,17
2004-08-23,34
2004-08-24,40
2004-08-25,40
2004-08-26,44
2004-08-27,40
2004-08-28,42
2004-08-29,26
2004-08-30,45
2004-08-31,48
2004-09-01,55
2004-09-02,44
2004-09-03,55
2004-09-04,27
2004-09-05,39
2004-09-06,28
2004-09-07,51
2004-09-08,49
2004-09-09,58
2004-09-10,50
2004-09-11,45
2004-09-12,53
2004-09-13,28
2004-09-14,62
2004-09-15,60
2004-09-16,53
2004-09-17,34
2004-09-18,54
2004-09-19,14
2004-09-20,43
2004-09-21,64
2004-09-22,71
2004-09-23,40
2004-09-24,77
2004-09-25,40
2004-09-26,44
2004-09-27,53
2004-09-28,43
2004-09-29,86
2004-09-30,78
2004-10-01,69
2004-10-02,29
2004-10-03,38
2004-10-04,84
2004-10-05,58
2004-10-06,74
2004-10-07,67
2004-10-08,62
2004-10-09,46
2004-10-10,68
2004-10-11,58
2004-10-12,46
2004-10-13,70
2004-10-14,82
2004-10-15,64
2004-10-16,49
2004-10-17,48
2004-10-18,63
2004-10-19,72
2004-10-20,77
2004-10-21,50
2004-10-22,47
2004-10-23,82
2004-10-24,47
2004-10-25,72
2004-10-26,90
2004-10-27,62
2004-10-28,81
2004-10-29,62
2004-10-30,14
2004-10-31,49
2004-11-01,92
2004-11-02,62
2004-11-03,65
2004-11-04,81
2004-11-05,81
2004-11-06,56
2004-11-07,28
2004-11-08,52
2004-11-09,0
2004-11-10,85
2004-11-11,91
2004-11-12,82
2004-11-13,46
2004-11-14,46
2004-11-15,61
2004-11-16,57
2004-11-17,79
2004-11-18,69
2004-11-19,69
2004-11-20,36
2004-11-21,26
2004-11-22,71
2004-11-23,67
2004-11-24,62
2004-11-25,41
2004-11-26,55
2004-11-27,62
2004-11-28,62
2004-11-29,61
2004-11-30,73
2004-12-01,79
2004-12-02,81
2004-12-03,89
2004-12-04,48
2004-12-05,26
2004-12-06,85
2004-12-07,87
2004-12-08,79
2004-12-09,66
2004-12-10,83
2004-12-11,51
2004-12-12,44
2004-12-13,59
2004-12-14,89
2004-12-15,84
2004-12-16,68
2004-12-17,53
2004-12-18,9
2004-12-19,49
2004-12-20,46
2004-12-21,52
2004-12-22,63
2004-12-23,100
2004-12-24,65
2004-12-25,56
2004-12-26,69
2004-12-27,48
2004-12-28,60
2004-12-29,69
2004-12-30,98
2004-12-31,50
2005-01-01,66
2005-01-02,35
2005-01-03,73
2005-01-04,66
2005-01-05,87
2005-01-06,89
2005-01-07,64
2005-01-08,36
2005-01-09,61
2005-01-10,72
2005-01-11,67
2005-01-12,67
2005-01-13,78
2005-01-14,81
2005-01-15,44
2005-01-16,60
2005-01-17,70
2005-01-18,80
2005-01-19,88
2005-01-20,82
2005-01-21,58
2005-01-22,61
2005-01-23,48
2005-01-24,72
2005-01-25,66
2005-01-26,65
2005-01-27,70
2005-01-28,66
2005-01-29,37
2005-01-30,51
2005-01-31,78
2005-02-01,77
2005-02-02,82
2005-02-03,65
2005-02-04,85
2005-02-05,43
2005-02-06,41
2005-02-07,72
2005-02-08,80
2005-02-09,74
2005-02-10,59
2005-02-11,94
2005-02-12,52
2005-02-13,52
2005-02-14,69
2005-02-15,82
2005-02-16,98
2005-02-17,78
2005-02-18,67
2005-02-19,42
2005-02-20,59
2005-02-21,56
2005-02-22,66
2005-02-23,60
2005-02-24,60
2005-02-25,55
2005-02-26,49
2005-02-27,42
2005-02-28,77
2005-03-01,89
2005-03-02,90
2005-03-03,100
2005-03-04,80
2005-03-05,60
2005-03-06,58
2005-03-07,80
2005-03-08,69
2005-03-09,44
2005-03-10,76
2005-03-11,79
2005-03-12,62
2005-03-13,59
2005-03-14,67
2005-03-15,70
2005-03-16,83
2005-03-17,68
2005-03-18,57
2005-03-19,60
2005-03-20,45
2005-03-21,62
2005-03-22,49
2005-03-23,94
2005-03-24,81
2005-03-25,56
2005-03-26,41
2005-03-27,54
2005-03-28,59
2005-03-29,72
2005-03-30,64
2005-03-31,70
2005-04-01,73
2005-04-02,41
2005-04-03,55
2005-04-04,71
2005-04-05,0
2005-04-06,67
2005-04-07,68
2005-04-08,60
2005-04-09,44
2005-04-10,66
2005-04-11,69
2005-04-12,70
2005-04-13,66
2005-04-14,69
2005-04-15,79
2005-04-16,55
2005-04-17,66
2005-04-18,72
2005-04-19,90
2005-04-20,78
2005-04-21,77
2005-04-22,67
2005-04-23,49
2005-04-24,32
2005-04-25,60
2005-04-26,78
2005-04-27,73
2005-04-28,59
2005-04-29,64
2005-04-30,29
2005-05-01,52
2005-05-02,75
2005-05-03,69
2005-05-04,52
2005-05-05,49
2005-05-06,63
2005-05-07,19
2005-05-08,54
2005-05-09,51
2005-05-10,68
2005-05-11,62
2005-05-12,56
2005-05-13,53
2005-05-14,32
2005-05-15,26
2005-05-16,69
2005-05-17,47
2005-05-18,71
2005-05-19,71
2005-05-20,69
2005-05-21,40
2005-05-22,37
2005-05-23,34
2005-05-24,33
2005-05-25,63
2005-05-26,65
2005-05-27,49
2005-05-28,26
2005-05-29,24
2005-05-30,37
2005-05-31,53
2005-06-01,63
2005-06-02,60
2005-06-03,49
2005-06-04,34
2005-06-05,29
2005-06-06,70
2005-06-07,51
2005-06-08,65
2005-06-09,55
2005-06-10,55
2005-06-11,26
2005-06-12,27
2005-06-13,31
2005-06-14,44
2005-06-15,56
2005-06-16,41
2005-06-17,32
2005-06-18,35
2005-06-19,34
2005-06-20,48
2005-06-21,48
2005-06-22,53
2005-06-23,47
2005-06-24,54
2005-06-25,30
2005-06-26,49
2005-06-27,61
2005-06-28,70
2005-06-29,49
2005-06-30,37
2005-07-01,38
2005-07-02,34
2005-07-03,32
2005-07-04,36
2005-07-05,45
2005-07-06,41
2005-07-07,39
2005-07-08,60
2005-07-09,27
2005-07-10,27
2005-07-11,61
2005-07-12,47
2005-07-13,45
2005-07-14,49
2005-07-15,40
2005-07-16,50
2005-07-17,39
2005-07-18,56
2005-07-19,44
2005-07-20,23
2005-07-21,35
2005-07-22,59
2005-07-23,23
2005-07-24,51
2005-07-25,49
2005-07-26,48
2005-07-27,47
2005-07-28,40
2005-07-29,57
2005-07-30,38
2005-07-31,62
2005-08-01,43
2005-08-02,53
2005-08-03,45
2005-08-04,48
2005-08-05,63
2005-08-06,41
2005-08-07,23
2005-08-08,39
2005-08-09,43
2005-08-10,57
2005-08-11,59
2005-08-12,57
2005-08-13,26
2005-08-14,37
2005-08-15,56
2005-08-16,41
2005-08-17,47
2005-08-18,68
2005-08-19,57
2005-08-20,53
2005-08-21,18
2005-08-22,39
2005-08-23,56
2005-08-24,26
2005-08-25,34
2005-08-26,49
2005-08-27,35
2005-08-28,31
2005-08-29,48
2005-08-30,43
2005-08-31,71
2005-09-01,61
2005-09-02,66
2005-09-03,32
2005-09-04,41
2005-09-05,38
2005-09-06,69
2005-09-07,59
2005-09-08,47
2005-09-09,68
2005-09-10,40
2005-09-11,23
2005-09-12,48
2005-09-13,59
2005-09-14,57
2005-09-15,48
2005-09-16,55
2005-09-17,43
2005-09-18,23
2005-09-19,66
2005-09-20,66
2005-09-21,52
2005-09-22,48
2005-09-23,58
2005-09-24,30
2005-09-25,48
2005-09-26,41
2005-09-27,69
2005-09-28,54
2005-09-29,49
2005-09-30,76
2005-10-01,44
2005-10-02,48
2005-10-03,42
2005-10-04,70
2005-10-05,68
2005-10-06,79
2005-10-07,81
2005-10-08,32
2005-10-09,51
2005-10-10,72
2005-10-11,66
2005-10-12,59
2005-10-13,46
2005-10-14,80
2005-10-15,39
2005-10-16,31
2005-10-17,69
2005-10-18,64
2005-10-19,55
2005-10-20,50
2005-10-21,54
2005-10-22,37
2005-10-23,54
2005-10-24,68
2005-10-25,74
2005-10-26,70
2005-10-27,64
2005-10-28,47
2005-10-29,39
2005-10-30,45
2005-10-31,52
2005-11-01,65
2005-11-02,80
2005-11-03,85
2005-11-04,65
2005-11-05,34
2005-11-06,51
2005-11-07,64
2005-11-08,74
2005-11-09,55
2005-11-10,93
2005-11-11,76
2005-11-12,30
2005-11-13,63
2005-11-14,74
2005-11-15,81
2005-11-16,67
2005-11-17,62
2005-11-18,54
2005-11-19,45
2005-11-20,39
2005-11-21,76
2005-11-22,88
2005-11-23,100
2005-11-24,49
2005-11-25,82
2005-11-26,24
2005-11-27,57
2005-11-28,93
2005-11-29,77
2005-11-30,75
2005-12-01,52
2005-12-02,81
2005-12-03,22
2005-12-04,71
2005-12-05,62
2005-12-06,74
2005-12-07,60
2005-12-08,88
2005-12-09,54
2005-12-10,44
2005-12-11,45
2005-12-12,62
2005-12-13,49
2005-12-14,53
2005-12-15,81
2005-12-16,58
2005-12-17,38
2005-12-18,45
2005-12-19,45
2005-12-20,33
2005-12-21,61
2005-12-22,52
2005-12-23,88
2005-12-24,39
2005-12-25,34
2005-12-26,76
2005-12-27,60
2005-12-28,40
2005-12-29,89
2005-12-30,78
2005-12-31,63
2006-01-01,37
2006-01-02,68
2006-01-03,46
2006-01-04,58
2006-01-05,48
2006-01-06,66
2006-01-07,46
2006-01-08,44
2006-01-09,62
2006-01-10,75
2006-01-11,58
2006-01-12,61
2006-01-13,66
2006-01-14,42
2006-01-15,52
2006-01-16,86
2006-01-17,70
2006-01-18,80
2006-01-19,67
2006-01-20,73
2006-01-21,50
2006-01-22,50
2006-01-23,78
2006-01-24,75
2006-01-25,71
2006-01-26,61
2006-01-27,64
2006-01-28,38
2006-01-29,31
2006-01-30,75
2006-01-31,63
2006-02-01,77
2006-02-02,62
2006-02-03,74
2006-02-04,41
2006-02-05,47
2006-02-06,66
2006-02-07,63
2006-02-08,70
2006-02-09,65
2006-02-10,57
2006-02-11,39
2006-02-12,46
2006-02-13,74
2006-02-14,67
2006-02-15,65
2006-02-16,69
2006-02-17,67
2006-02-18,54
2006-02-19,48
2006-02-20,62
2006-02-21,64
2006-02-22,61
2006-02-23,62
2006-02-24,61
2006-02-25,34
2006-02-26,54
2006-02-27,61
2006-02-28,60
2006-03-01,66
2006-03-02,69
2006-03-03,66
2006-03-04,47
2006-03-05,38
2006-03-06,59
2006-03-07,54
2006-03-08,56
2006-03-09,59
2006-03-10,62
2006-03-11,32
2006-03-12,28
2006-03-13,57
2006-03-14,57
2006-03-15,58
2006-03-16,53
2006-03-17,60
2006-03-18,50
2006-03-19,43
2006-03-20,59
2006-03-21,55
2006-03-22,65
2006-03-23,62
2006-03-24,61
2006-03-25,29
2006-03-26,28
2006-03-27,60
2006-03-28,57
2006-03-29,68
2006-03-30,63
2006-03-31,61
2006-04-01,41
2006-04-02,48
2006-04-03,55
2006-04-04,61
2006-04-05,65
2006-04-06,64
2006-04-07,76
2006-04-08,44
2006-04-09,48
2006-04-10,72
2006-04-11,62
2006-04-12,62
2006-04-13,65
2006-04-14,45
2006-04-15,33
2006-04-16,44
2006-04-17,56
2006-04-18,74
2006-04-19,60
2006-04-20,57
2006-04-21,63
2006-04-22,37
2006-04-23,30
2006-04-24,68
2006-04-25,64
2006-04-26,56
2006-04-27,77
2006-04-28,52
2006-04-29,33
2006-04-30,48
2006-05-01,55
2006-05-02,46
2006-05-03,56
2006-05-04,65
2006-05-05,53
2006-05-06,41
2006-05-07,46
2006-05-08,63
2006-05-09,63
2006-05-10,61
2006-05-11,57
2006-05-12,62
2006-05-13,44
2006-05-14,43
2006-05-15,53
2006-05-16,56
2006-05-17,66
2006-05-18,70
2006-05-19,75
2006-05-20,50
2006-05-21,37
2006-05-22,91
2006-05-23,100
2006-05-24,71
2006-05-25,62
2006-05-26,39
2006-05-27,28
2006-05-28,36
2006-05-29,40
2006-05-30,58
2006-05-31,50
2006-06-01,66
2006-06-02,41
2006-06-03,32
2006-06-04,34
2006-06-05,47
2006-06-06,58
2006-06-07,69
2006-06-08,65
2006-06-09,61
2006-06-10,29
2006-06-11,43
2006-06-12,45
2006-06-13,70
2006-06-14,60
2006-06-15,52
2006-06-16,52
2006-06-17,31
2006-06-18,43
2006-06-19,42
2006-06-20,52
2006-06-21,37
2006-06-22,34
2006-06-23,34
2006-06-24,30
2006-06-25,36
2006-06-26,34
2006-06-27,44
2006-06-28,57
2006-06-29,39
2006-06-30,52
2006-07-01,33
2006-07-02,29
2006-07-03,69
2006-07-04,34
2006-07-05,42
2006-07-06,42
2006-07-07,47
2006-07-08,30
2006-07-09,17
2006-07-10,42
2006-07-11,32
2006-07-12,48
2006-07-13,48
2006-07-14,65
2006-07-15,48
2006-07-16,37
2006-07-17,41
2006-07-18,37
2006-07-19,54
2006-07-20,50
2006-07-21,58
2006-07-22,37
2006-07-23,24
2006-07-24,49
2006-07-25,48
2006-07-26,55
2006-07-27,55
2006-07-28,43
2006-07-29,24
2006-07-30,18
2006-07-31,43
2006-08-01,45
2006-08-02,33
2006-08-03,41
2006-08-04,34
2006-08-05,21
2006-08-06,34
2006-08-07,39
2006-08-08,42
2006-08-09,38
2006-08-10,45
2006-08-11,32
2006-08-12,28
2006-08-13,15
2006-08-14,43
2006-08-15,44
2006-08-16,39
2006-08-17,36
2006-08-18,49
2006-08-19,33
2006-08-20,27
2006-08-21,40
2006-08-22,37
2006-08-23,30
2006-08-24,43
2006-08-25,33
2006-08-26,39
2006-08-27,23
2006-08-28,35
2006-08-29,33
2006-08-30,43
2006-08-31,54
2006-09-01,49
2006-09-02,32
2006-09-03,18
2006-09-04,32
2006-09-05,39
2006-09-06,55
2006-09-07,41
2006-09-08,47
2006-09-09,29
2006-09-10,29
2006-09-11,45
2006-09-12,35
2006-09-13,48
2006-09-14,45
2006-09-15,48
2006-09-16,21
2006-09-17,33
2006-09-18,33
2006-09-19,31
2006-09-20,46
2006-09-21,40
2006-09-22,62
2006-09-23,22
2006-09-24,23
2006-09-25,49
2006-09-26,65
2006-09-27,70
2006-09-28,55
2006-09-29,62
2006-09-30,25
2006-10-01,33
2006-10-02,47
2006-10-03,84
2006-10-04,66
2006-10-05,73
2006-10-06,94
2006-10-07,40
2006-10-08,41
2006-10-09,69
2006-10-10,54
2006-10-11,67
2006-10-12,57
2006-10-13,59
2006-10-14,44
2006-10-15,37
2006-10-16,64
2006-10-17,60
2006-10-18,68
2006-10-19,77
2006-10-20,51
2006-10-21,39
2006-10-22,38
2006-10-23,54
2006-10-24,66
2006-10-25,71
2006-10-26,61
2006-10-27,68
2006-10-28,30
2006-10-29,33
2006-10-30,49
2006-10-31,64
2006-11-01,56
2006-11-02,62
2006-11-03,59
2006-11-04,16
2006-11-05,22
2006-11-06,66
2006-11-07,52
2006-11-08,57
2006-11-09,74
2006-11-10,50
2006-11-11,30
2006-11-12,36
2006-11-13,55
2006-11-14,53
2006-11-15,70
2006-11-16,66
2006-11-17,58
2006-11-18,32
2006-11-19,50
2006-11-20,53
2006-11-21,61
2006-11-22,59
2006-11-23,44
2006-11-24,78
2006-11-25,42
2006-11-26,33
2006-11-27,58
2006-11-28,58
2006-11-29,62
2006-11-30,52
2006-12-01,49
2006-12-02,40
2006-12-03,46
2006-12-04,57
2006-12-05,47
2006-12-06,53
2006-12-07,61
2006-12-08,54
2006-12-09,28
2006-12-10,45
2006-12-11,35
2006-12-12,53
2006-12-13,56
2006-12-14,51
2006-12-15,48
2006-12-16,29
2006-12-17,34
2006-12-18,52
2006-12-19,54
2006-12-20,51
2006-12-21,57
2006-12-22,49
2006-12-23,31
2006-12-24,34
2006-12-25,43
2006-12-26,48
2006-12-27,60
2006-12-28,73
2006-12-29,100
2006-12-30,39
2006-12-31,35
2007-01-01,20
2007-01-02,25
2007-01-03,25
2007-01-04,20
2007-01-05,18
2007-01-06,16
2007-01-07,18
2007-01-08,19
2007-01-09,17
2007-01-10,21
2007-01-11,17
2007-01-12,21
2007-01-13,9
2007-01-14,12
2007-01-15,21
2007-01-16,22
2007-01-17,18
2007-01-18,21
2007-01-19,21
2007-01-20,9
2007-01-21,11
2007-01-22,19
2007-01-23,21
2007-01-24,15
2007-01-25,22
2007-01-26,20
2007-01-27,11
2007-01-28,11
2007-01-29,19
2007-01-30,18
2007-01-31,22
2007-02-01,18
2007-02-02,14
2007-02-03,16
2007-02-04,15
2007-02-05,21
2007-02-06,19
2007-02-07,15
2007-02-08,24
2007-02-09,18
2007-02-10,13
2007-02-11,11
2007-02-12,16
2007-02-13,17
2007-02-14,20
2007-02-15,18
2007-02-16,25
2007-02-17,9
2007-02-18,12
2007-02-19,21
2007-02-20,21
2007-02-21,22
2007-02-22,22
2007-02-23,15
2007-02-24,8
2007-02-25,13
2007-02-26,21
2007-02-27,58
2007-02-28,100
2007-03-01,46
2007-03-02,41
2007-03-03,20
2007-03-04,17
2007-03-05,37
2007-03-06,29
2007-03-07,38
2007-03-08,29
2007-03-09,19
2007-03-10,13
2007-03-11,11
2007-03-12,16
2007-03-13,22
2007-03-14,28
2007-03-15,26
2007-03-16,20
2007-03-17,10
2007-03-18,13
2007-03-19,25
2007-03-20,23
2007-03-21,19
2007-03-22,23
2007-03-23,13
2007-03-24,10
2007-03-25,10
2007-03-26,21
2007-03-27,21
2007-03-28,21
2007-03-29,21
2007-03-30,14
2007-03-31,16
2007-04-01,16
2007-04-02,19
2007-04-03,22
2007-04-04,21
2007-04-05,28
2007-04-06,24
2007-04-07,10
2007-04-08,11
2007-04-09,21
2007-04-10,13
2007-04-11,17
2007-04-12,17
2007-04-13,19
2007-04-14,16
2007-04-15,13
2007-04-16,19
2007-04-17,21
2007-04-18,15
2007-04-19,18
2007-04-20,22
2007-04-21,10
2007-04-22,13
2007-04-23,18
2007-04-24,18
2007-04-25,21
2007-04-26,23
2007-04-27,17
2007-04-28,13
2007-04-29,11
2007-04-30,20
2007-05-01,21
2007-05-02,18
2007-05-03,22
2007-05-04,18
2007-05-05,10
2007-05-06,11
2007-05-07,23
2007-05-08,18
2007-05-09,20
2007-05-10,15
2007-05-11,16
2007-05-12,12
2007-05-13,12
2007-05-14,14
2007-05-15,13
2007-05-16,18
2007-05-17,14
2007-05-18,19
2007-05-19,11
2007-05-20,11
2007-05-21,17
2007-05-22,19
2007-05-23,16
2007-05-24,14
2007-05-25,16
2007-05-26,17
2007-05-27,10
2007-05-28,15
2007-05-29,12
2007-05-30,14
2007-05-31,17
2007-06-01,17
2007-06-02,8
2007-06-03,12
2007-06-04,19
2007-06-05,17
2007-06-06,17
2007-06-07,20
2007-06-08,15
2007-06-09,8
2007-06-10,9
2007-06-11,15
2007-06-12,19
2007-06-13,14
2007-06-14,16
2007-06-15,14
2007-06-16,12
2007-06-17,10
2007-06-18,15
2007-06-19,12
2007-06-20,16
2007-06-21,17
2007-06-22,16
2007-06-23,11
2007-06-24,8
2007-06-25,12
2007-06-26,11
2007-06-27,14
2007-06-28,13
2007-06-29,13
2007-06-30,9
2007-07-01,19
2007-07-02,28
2007-07-03,38
2007-07-04,18
2007-07-05,28
2007-07-06,28
2007-07-07,20
2007-07-08,15
2007-07-09,26
2007-07-10,24
2007-07-11,28
2007-07-12,33
2007-07-13,44
2007-07-14,30
2007-07-15,22
2007-07-16,35
2007-07-17,42
2007-07-18,35
2007-07-19,34
2007-07-20,29
2007-07-21,16
2007-07-22,19
2007-07-23,37
2007-07-24,41
2007-07-25,41
2007-07-26,60
2007-07-27,64
2007-07-28,36
2007-07-29,21
2007-07-30,58
2007-07-31,45
2007-08-01,45
2007-08-02,40
2007-08-03,35
2007-08-04,32
2007-08-05,33
2007-08-06,42
2007-08-07,41
2007-08-08,43
2007-08-09,51
2007-08-10,74
2007-08-11,36
2007-08-12,24
2007-08-13,46
2007-08-14,45
2007-08-15,53
2007-08-16,100
2007-08-17,73
2007-08-18,26
2007-08-19,31
2007-08-20,41
2007-08-21,47
2007-08-22,35
2007-08-23,35
2007-08-24,34
2007-08-25,19
2007-08-26,15
2007-08-27,29
2007-08-28,33
2007-08-29,36
2007-08-30,38
2007-08-31,44
2007-09-01,14
2007-09-02,19
2007-09-03,22
2007-09-04,30
2007-09-05,35
2007-09-06,36
2007-09-07,29
2007-09-08,23
2007-09-09,16
2007-09-10,31
2007-09-11,36
2007-09-12,32
2007-09-13,41
2007-09-14,28
2007-09-15,19
2007-09-16,16
2007-09-17,34
2007-09-18,36
2007-09-19,51
2007-09-20,42
2007-09-21,42
2007-09-22,23
2007-09-23,20
2007-09-24,39
2007-09-25,28
2007-09-26,38
2007-09-27,43
2007-09-28,50
2007-09-29,24
2007-09-30,21
2007-10-01,44
2007-10-02,42
2007-10-03,36
2007-10-04,42
2007-10-05,46
2007-10-06,34
2007-10-07,31
2007-10-08,59
2007-10-09,36
2007-10-10,39
2007-10-11,45
2007-10-12,34
2007-10-13,21
2007-10-14,23
2007-10-15,40
2007-10-16,41
2007-10-17,40
2007-10-18,39
2007-10-19,59
2007-10-20,34
2007-10-21,27
2007-10-22,45
2007-10-23,45
2007-10-24,49
2007-10-25,38
2007-10-26,36
2007-10-27,28
2007-10-28,23
2007-10-29,43
2007-10-30,40
2007-10-31,46
2007-11-01,59
2007-11-02,52
2007-11-03,32
2007-11-04,26
2007-11-05,48
2007-11-06,48
2007-11-07,41
2007-11-08,65
2007-11-09,63
2007-11-10,29
2007-11-11,31
2007-11-12,62
2007-11-13,50
2007-11-14,52
2007-11-15,42
2007-11-16,39
2007-11-17,23
2007-11-18,30
2007-11-19,39
2007-11-20,53
2007-11-21,51
2007-11-22,39
2007-11-23,47
2007-11-24,24
2007-11-25,22
2007-11-26,42
2007-11-27,47
2007-11-28,55
2007-11-29,35
2007-11-30,40
2007-12-01,23
2007-12-02,18
2007-12-03,32
2007-12-04,41
2007-12-05,31
2007-12-06,37
2007-12-07,38
2007-12-08,16
2007-12-09,23
2007-12-10,40
2007-12-11,43
2007-12-12,41
2007-12-13,40
2007-12-14,35
2007-12-15,21
2007-12-16,20
2007-12-17,30
2007-12-18,37
2007-12-19,38
2007-12-20,37
2007-12-21,38
2007-12-22,29
2007-12-23,24
2007-12-24,61
2007-12-25,28
2007-12-26,39
2007-12-27,39
2007-12-28,44
2007-12-29,25
2007-12-30,27
2007-12-31,70
2008-01-01,14
2008-01-02,18
2008-01-03,17
2008-01-04,20
2008-01-05,12
2008-01-06,10
2008-01-07,17
2008-01-08,20
2008-01-09,23
2008-01-10,22
2008-01-11,21
2008-01-12,12
2008-01-13,8
2008-01-14,19
2008-01-15,23
2008-01-16,23
2008-01-17,29
2008-01-18,37
2008-01-19,17
2008-01-20,16
2008-01-21,36
2008-01-22,100
2008-01-23,53
2008-01-24,42
2008-01-25,25
2008-01-26,16
2008-01-27,15
2008-01-28,24
2008-01-29,25
2008-01-30,23
2008-01-31,20
2008-02-01,21
2008-02-02,9
2008-02-03,9
2008-02-04,22
2008-02-05,22
2008-02-06,24
2008-02-07,21
2008-02-08,20
2008-02-09,13
2008-02-10,14
2008-02-11,17
2008-02-12,21
2008-02-13,19
2008-02-14,21
2008-02-15,21
2008-02-16,9
2008-02-17,11
2008-02-18,21
2008-02-19,18
2008-02-20,17
2008-02-21,17
2008-02-22,13
2008-02-23,9
2008-02-24,9
2008-02-25,18
2008-02-26,18
2008-02-27,22
2008-02-28,18
2008-02-29,21
2008-03-01,12
2008-03-02,12
2008-03-03,20
2008-03-04,21
2008-03-05,21
2008-03-06,21
2008-03-07,24
2008-03-08,11
2008-03-09,10
2008-03-10,24
2008-03-11,25
2008-03-12,25
2008-03-13,23
2008-03-14,24
2008-03-15,12
2008-03-16,15
2008-03-17,41
2008-03-18,33
2008-03-19,31
2008-03-20,31
2008-03-21,30
2008-03-22,10
2008-03-23,14
2008-03-24,22
2008-03-25,19
2008-03-26,19
2008-03-27,20
2008-03-28,22
2008-03-29,10
2008-03-30,9
2008-03-31,21
2008-04-01,16
2008-04-02,19
2008-04-03,20
2008-04-04,20
2008-04-05,8
2008-04-06,10
2008-04-07,16
2008-04-08,21
2008-04-09,19
2008-04-10,18
2008-04-11,19
2008-04-12,9
2008-04-13,12
2008-04-14,18
2008-04-15,17
2008-04-16,16
2008-04-17,17
2008-04-18,17
2008-04-19,11
2008-04-20,9
2008-04-21,18
2008-04-22,17
2008-04-23,17
2008-04-24,21
2008-04-25,16
2008-04-26,9
2008-04-27,8
2008-04-28,19
2008-04-29,17
2008-04-30,16
2008-05-01,17
2008-05-02,18
2008-05-03,8
2008-05-04,11
2008-05-05,18
2008-05-06,17
2008-05-07,14
2008-05-08,14
2008-05-09,13
2008-05-10,6
2008-05-11,9
2008-05-12,16
2008-05-13,14
2008-05-14,18
2008-05-15,14
2008-05-16,15
2008-05-17,8
2008-05-18,9
2008-05-19,15
2008-05-20,14
2008-05-21,16
2008-05-22,17
2008-05-23,15
2008-05-24,8
2008-05-25,8
2008-05-26,10
2008-05-27,14
2008-05-28,14
2008-05-29,13
2008-05-30,12
2008-05-31,9
2008-06-01,6
2008-06-02,13
2008-06-03,10
2008-06-04,13
2008-06-05,12
2008-06-06,18
2008-06-07,12
2008-06-08,5
2008-06-09,17
2008-06-10,16
2008-06-11,13
2008-06-12,15
2008-06-13,10
2008-06-14,10
2008-06-15,8
2008-06-16,13
2008-06-17,13
2008-06-18,16
2008-06-19,16
2008-06-20,11
2008-06-21,7
2008-06-22,6
2008-06-23,14
2008-06-24,17
2008-06-25,15
2008-06-26,18
2008-06-27,22
2008-06-28,13
2008-06-29,9
2008-06-30,16
2008-07-01,9
2008-07-02,11
2008-07-03,12
2008-07-04,4
2008-07-05,4
2008-07-06,5
2008-07-07,6
2008-07-08,8
2008-07-09,8
2008-07-10,6
2008-07-11,8
2008-07-12,6
2008-07-13,4
2008-07-14,8
2008-07-15,12
2008-07-16,9
2008-07-17,10
2008-07-18,8
2008-07-19,4
2008-07-20,4
2008-07-21,7
2008-07-22,7
2008-07-23,7
2008-07-24,8
2008-07-25,7
2008-07-26,4
2008-07-27,3
2008-07-28,5
2008-07-29,7
2008-07-30,7
2008-07-31,6
2008-08-01,7
2008-08-02,4
2008-08-03,4
2008-08-04,6
2008-08-05,6
2008-08-06,7
2008-08-07,6
2008-08-08,6
2008-08-09,3
2008-08-10,3
2008-08-11,6
2008-08-12,5
2008-08-13,6
2008-08-14,6
2008-08-15,5
2008-08-16,2
2008-08-17,3
2008-08-18,5
2008-08-19,6
2008-08-20,5
2008-08-21,5
2008-08-22,5
2008-08-23,3
2008-08-24,3
2008-08-25,5
2008-08-26,6
2008-08-27,6
2008-08-28,6
2008-08-29,7
2008-08-30,3
2008-08-31,3
2008-09-01,5
2008-09-02,6
2008-09-03,7
2008-09-04,8
2008-09-05,8
2008-09-06,5
2008-09-07,4
2008-09-08,8
2008-09-09,8
2008-09-10,9
2008-09-11,8
2008-09-12,7
2008-09-13,4
2008-09-14,5
2008-09-15,33
2008-09-16,38
2008-09-17,30
2008-09-18,38
2008-09-19,26
2008-09-20,12
2008-09-21,9
2008-09-22,21
2008-09-23,22
2008-09-24,17
2008-09-25,20
2008-09-26,25
2008-09-27,8
2008-09-28,9
2008-09-29,73
2008-09-30,71
2008-10-01,35
2008-10-02,28
2008-10-03,26
2008-10-04,10
2008-10-05,9
2008-10-06,50
2008-10-07,48
2008-10-08,52
2008-10-09,57
2008-10-10,100
2008-10-11,35
2008-10-12,27
2008-10-13,62
2008-10-14,51
2008-10-15,36
2008-10-16,39
2008-10-17,30
2008-10-18,12
2008-10-19,9
2008-10-20,22
2008-10-21,21
2008-10-22,23
2008-10-23,24
2008-10-24,37
2008-10-25,15
2008-10-26,11
2008-10-27,26
2008-10-28,25
2008-10-29,25
2008-10-30,22
2008-10-31,20
2008-11-01,9
2008-11-02,7
2008-11-03,15
2008-11-04,20
2008-11-05,30
2008-11-06,24
2008-11-07,19
2008-11-08,8
2008-11-09,6
2008-11-10,17
2008-11-11,19
2008-11-12,17
2008-11-13,22
2008-11-14,17
2008-11-15,8
2008-11-16,6
2008-11-17,15
2008-11-18,16
2008-11-19,16
2008-11-20,27
2008-11-21,26
2008-11-22,11
2008-11-23,8
2008-11-24,18
2008-11-25,19
2008-11-26,18
2008-11-27,10
2008-11-28,18
2008-11-29,7
2008-11-30,7
2008-12-01,16
2008-12-02,19
2008-12-03,15
2008-12-04,14
2008-12-05,16
2008-12-06,6
2008-12-07,7
2008-12-08,12
2008-12-09,14
2008-12-10,13
2008-12-11,13
2008-12-12,17
2008-12-13,6
2008-12-14,6
2008-12-15,11
2008-12-16,12
2008-12-17,12
2008-12-18,12
2008-12-19,10
2008-12-20,5
2008-12-21,4
2008-12-22,10
2008-12-23,11
2008-12-24,10
2008-12-25,6
2008-12-26,10
2008-12-27,5
2008-12-28,4
2008-12-29,10
2008-12-30,11
2008-12-31,15
2009-01-01,28
2009-01-02,42
2009-01-03,23
2009-01-04,23
2009-01-05,44
2009-01-06,39
2009-01-07,41
2009-01-08,48
2009-01-09,44
2009-01-10,25
2009-01-11,23
2009-01-12,44
2009-01-13,48
2009-01-14,54
2009-01-15,40
2009-01-16,44
2009-01-17,26
2009-01-18,21
2009-01-19,43
2009-01-20,62
2009-01-21,61
2009-01-22,52
2009-01-23,44
2009-01-24,20
2009-01-25,23
2009-01-26,43
2009-01-27,43
2009-01-28,45
2009-01-29,54
2009-01-30,42
2009-01-31,31
2009-02-01,16
2009-02-02,38
2009-02-03,44
2009-02-04,45
2009-02-05,47
2009-02-06,48
2009-02-07,20
2009-02-08,18
2009-02-09,46
2009-02-10,55
2009-02-11,54
2009-02-12,45
2009-02-13,48
2009-02-14,18
2009-02-15,16
2009-02-16,53
2009-02-17,62
2009-02-18,57
2009-02-19,52
2009-02-20,75
2009-02-21,34
2009-02-22,24
2009-02-23,72
2009-02-24,86
2009-02-25,76
2009-02-26,71
2009-02-27,59
2009-02-28,37
2009-03-01,23
2009-03-02,76
2009-03-03,96
2009-03-04,83
2009-03-05,91
2009-03-06,100
2009-03-07,35
2009-03-08,20
2009-03-09,78
2009-03-10,77
2009-03-11,73
2009-03-12,75
2009-03-13,86
2009-03-14,20
2009-03-15,26
2009-03-16,71
2009-03-17,64
2009-03-18,58
2009-03-19,61
2009-03-20,59
2009-03-21,26
2009-03-22,28
2009-03-23,69
2009-03-24,77
2009-03-25,75
2009-03-26,60
2009-03-27,67
2009-03-28,31
2009-03-29,23
2009-03-30,57
2009-03-31,53
2009-04-01,60
2009-04-02,58
2009-04-03,56
2009-04-04,24
2009-04-05,25
2009-04-06,50
2009-04-07,45
2009-04-08,50
2009-04-09,63
2009-04-10,76
2009-04-11,24
2009-04-12,24
2009-04-13,52
2009-04-14,41
2009-04-15,50
2009-04-16,49
2009-04-17,45
2009-04-18,23
2009-04-19,20
2009-04-20,48
2009-04-21,46
2009-04-22,47
2009-04-23,41
2009-04-24,46
2009-04-25,16
2009-04-26,27
2009-04-27,43
2009-04-28,40
2009-04-29,46
2009-04-30,51
2009-05-01,34
2009-05-02,18
2009-05-03,19
2009-05-04,45
2009-05-05,44
2009-05-06,40
2009-05-07,53
2009-05-08,43
2009-05-09,15
2009-05-10,24
2009-05-11,39
2009-05-12,43
2009-05-13,44
2009-05-14,38
2009-05-15,42
2009-05-16,20
2009-05-17,25
2009-05-18,46
2009-05-19,47
2009-05-20,31
2009-05-21,38
2009-05-22,35
2009-05-23,13
2009-05-24,18
2009-05-25,19
2009-05-26,39
2009-05-27,44
2009-05-28,37
2009-05-29,45
2009-05-30,18
2009-05-31,16
2009-06-01,41
2009-06-02,43
2009-06-03,32
2009-06-04,36
2009-06-05,41
2009-06-06,14
2009-06-07,13
2009-06-08,32
2009-06-09,33
2009-06-10,34
2009-06-11,35
2009-06-12,31
2009-06-13,15
2009-06-14,15
2009-06-15,31
2009-06-16,36
2009-06-17,34
2009-06-18,26
2009-06-19,28
2009-06-20,13
2009-06-21,17
2009-06-22,35
2009-06-23,31
2009-06-24,28
2009-06-25,31
2009-06-26,27
2009-06-27,18
2009-06-28,11
2009-06-29,31
2009-06-30,22
2009-07-01,51
2009-07-02,66
2009-07-03,52
2009-07-04,15
2009-07-05,24
2009-07-06,46
2009-07-07,51
2009-07-08,56
2009-07-09,39
2009-07-10,38
2009-07-11,23
2009-07-12,21
2009-07-13,52
2009-07-14,46
2009-07-15,51
2009-07-16,49
2009-07-17,46
2009-07-18,27
2009-07-19,18
2009-07-20,45
2009-07-21,55
2009-07-22,44
2009-07-23,55
2009-07-24,52
2009-07-25,35
2009-07-26,31
2009-07-27,39
2009-07-28,53
2009-07-29,46
2009-07-30,53
2009-07-31,59
2009-08-01,29
2009-08-02,31
2009-08-03,56
2009-08-04,56
2009-08-05,57
2009-08-06,52
2009-08-07,54
2009-08-08,33
2009-08-09,24
2009-08-10,51
2009-08-11,54
2009-08-12,54
2009-08-13,48
2009-08-14,49
2009-08-15,27
2009-08-16,23
2009-08-17,58
2009-08-18,54
2009-08-19,52
2009-08-20,53
2009-08-21,57
2009-08-22,31
2009-08-23,26
2009-08-24,48
2009-08-25,52
2009-08-26,53
2009-08-27,57
2009-08-28,52
2009-08-29,25
2009-08-30,22
2009-08-31,50
2009-09-01,69
2009-09-02,67
2009-09-03,54
2009-09-04,56
2009-09-05,27
2009-09-06,29
2009-09-07,26
2009-09-08,51
2009-09-09,53
2009-09-10,53
2009-09-11,56
2009-09-12,26
2009-09-13,30
2009-09-14,64
2009-09-15,59
2009-09-16,67
2009-09-17,59
2009-09-18,56
2009-09-19,33
2009-09-20,32
2009-09-21,52
2009-09-22,55
2009-09-23,62
2009-09-24,62
2009-09-25,53
2009-09-26,20
2009-09-27,22
2009-09-28,64
2009-09-29,54
2009-09-30,61
2009-10-01,66
2009-10-02,59
2009-10-03,27
2009-10-04,28
2009-10-05,65
2009-10-06,59
2009-10-07,61
2009-10-08,68
2009-10-09,73
2009-10-10,35
2009-10-11,40
2009-10-12,74
2009-10-13,63
2009-10-14,76
2009-10-15,84
2009-10-16,57
2009-10-17,30
2009-10-18,27
2009-10-19,64
2009-10-20,67
2009-10-21,66
2009-10-22,65
2009-10-23,60
2009-10-24,30
2009-10-25,30
2009-10-26,63
2009-10-27,66
2009-10-28,60
2009-10-29,71
2009-10-30,68
2009-10-31,37
2009-11-01,28
2009-11-02,66
2009-11-03,65
2009-11-04,51
2009-11-05,62
2009-11-06,60
2009-11-07,33
2009-11-08,32
2009-11-09,63
2009-11-10,69
2009-11-11,78
2009-11-12,66
2009-11-13,66
2009-11-14,30
2009-11-15,20
2009-11-16,71
2009-11-17,63
2009-11-18,62
2009-11-19,66
2009-11-20,62
2009-11-21,35
2009-11-22,25
2009-11-23,68
2009-11-24,62
2009-11-25,53
2009-11-26,39
2009-11-27,88
2009-11-28,35
2009-11-29,21
2009-11-30,55
2009-12-01,63
2009-12-02,56
2009-12-03,60
2009-12-04,55
2009-12-05,21
2009-12-06,27
2009-12-07,49
2009-12-08,53
2009-12-09,56
2009-12-10,51
2009-12-11,57
2009-12-12,27
2009-12-13,28
2009-12-14,54
2009-12-15,47
2009-12-16,59
2009-12-17,54
2009-12-18,47
2009-12-19,30
2009-12-20,24
2009-12-21,45
2009-12-22,55
2009-12-23,59
2009-12-24,87
2009-12-25,25
2009-12-26,21
2009-12-27,25
2009-12-28,56
2009-12-29,54
2009-12-30,57
2009-12-31,100
2010-01-01,14
2010-01-02,12
2010-01-03,13
2010-01-04,29
2010-01-05,26
2010-01-06,25
2010-01-07,21
2010-01-08,24
2010-01-09,16
2010-01-10,14
2010-01-11,26
2010-01-12,25
2010-01-13,25
2010-01-14,25
2010-01-15,28
2010-01-16,12
2010-01-17,15
2010-01-18,38
2010-01-19,25
2010-01-20,27
2010-01-21,29
2010-01-22,31
2010-01-23,17
2010-01-24,15
2010-01-25,33
2010-01-26,26
2010-01-27,28
2010-01-28,25
2010-01-29,31
2010-01-30,13
2010-01-31,11
2010-02-01,27
2010-02-02,26
2010-02-03,24
2010-02-04,32
2010-02-05,38
2010-02-06,18
2010-02-07,15
2010-02-08,31
2010-02-09,28
2010-02-10,27
2010-02-11,29
2010-02-12,25
2010-02-13,13
2010-02-14,14
2010-02-15,37
2010-02-16,29
2010-02-17,27
2010-02-18,24
2010-02-19,25
2010-02-20,14
2010-02-21,11
2010-02-22,26
2010-02-23,28
2010-02-24,27
2010-02-25,25
2010-02-26,25
2010-02-27,12
2010-02-28,12
2010-03-01,29
2010-03-02,25
2010-03-03,31
2010-03-04,27
2010-03-05,30
2010-03-06,12
2010-03-07,14
2010-03-08,23
2010-03-09,30
2010-03-10,26
2010-03-11,26
2010-03-12,24
2010-03-13,11
2010-03-14,13
2010-03-15,29
2010-03-16,25
2010-03-17,26
2010-03-18,25
2010-03-19,29
2010-03-20,13
2010-03-21,14
2010-03-22,37
2010-03-23,27
2010-03-24,31
2010-03-25,29
2010-03-26,25
2010-03-27,10
2010-03-28,12
2010-03-29,27
2010-03-30,30
2010-03-31,29
2010-04-01,34
2010-04-02,44
2010-04-03,15
2010-04-04,13
2010-04-05,25
2010-04-06,24
2010-04-07,28
2010-04-08,26
2010-04-09,24
2010-04-10,12
2010-04-11,17
2010-04-12,26
2010-04-13,32
2010-04-14,26
2010-04-15,28
2010-04-16,28
2010-04-17,13
2010-04-18,14
2010-04-19,26
2010-04-20,27
2010-04-21,29
2010-04-22,28
2010-04-23,27
2010-04-24,16
2010-04-25,12
2010-04-26,22
2010-04-27,29
2010-04-28,30
2010-04-29,29
2010-04-30,30
2010-05-01,15
2010-05-02,11
2010-05-03,25
2010-05-04,30
2010-05-05,31
2010-05-06,93
2010-05-07,100
2010-05-08,35
2010-05-09,24
2010-05-10,50
2010-05-11,36
2010-05-12,30
2010-05-13,31
2010-05-14,26
2010-05-15,13
2010-05-16,14
2010-05-17,31
2010-05-18,26
2010-05-19,31
2010-05-20,40
2010-05-21,40
2010-05-22,21
2010-05-23,13
2010-05-24,29
2010-05-25,46
2010-05-26,33
2010-05-27,31
2010-05-28,27
2010-05-29,12
2010-05-30,12
2010-05-31,17
2010-06-01,29
2010-06-02,30
2010-06-03,26
2010-06-04,25
2010-06-05,14
2010-06-06,13
2010-06-07,29
2010-06-08,25
2010-06-09,24
2010-06-10,25
2010-06-11,21
2010-06-12,13
2010-06-13,12
2010-06-14,20
2010-06-15,21
2010-06-16,24
2010-06-17,21
2010-06-18,19
2010-06-19,10
2010-06-20,7
2010-06-21,21
2010-06-22,19
2010-06-23,18
2010-06-24,20
2010-06-25,20
2010-06-26,9
2010-06-27,9
2010-06-28,18
2010-06-29,31
2010-06-30,29
2010-07-01,61
2010-07-02,67
2010-07-03,27
2010-07-04,20
2010-07-05,44
2010-07-06,44
2010-07-07,46
2010-07-08,48
2010-07-09,43
2010-07-10,21
2010-07-11,31
2010-07-12,40
2010-07-13,48
2010-07-14,48
2010-07-15,31
2010-07-16,49
2010-07-17,19
2010-07-18,21
2010-07-19,46
2010-07-20,44
2010-07-21,45
2010-07-22,40
2010-07-23,43
2010-07-24,24
2010-07-25,17
2010-07-26,36
2010-07-27,45
2010-07-28,34
2010-07-29,43
2010-07-30,34
2010-07-31,24
2010-08-01,17
2010-08-02,34
2010-08-03,39
2010-08-04,35
2010-08-05,39
2010-08-06,37
2010-08-07,23
2010-08-08,14
2010-08-09,32
2010-08-10,43
2010-08-11,56
2010-08-12,46
2010-08-13,36
2010-08-14,13
2010-08-15,21
2010-08-16,34
2010-08-17,35
2010-08-18,43
2010-08-19,42
2010-08-20,41
2010-08-21,16
2010-08-22,18
2010-08-23,32
2010-08-24,46
2010-08-25,47
2010-08-26,48
2010-08-27,54
2010-08-28,30
2010-08-29,19
2010-08-30,44
2010-08-31,45
2010-09-01,52
2010-09-02,51
2010-09-03,43
2010-09-04,24
2010-09-05,20
2010-09-06,30
2010-09-07,45
2010-09-08,39
2010-09-09,45
2010-09-10,42
2010-09-11,24
2010-09-12,24
2010-09-13,50
2010-09-14,40
2010-09-15,51
2010-09-16,50
2010-09-17,44
2010-09-18,20
2010-09-19,16
2010-09-20,45
2010-09-21,58
2010-09-22,44
2010-09-23,44
2010-09-24,54
2010-09-25,27
2010-09-26,25
2010-09-27,50
2010-09-28,62
2010-09-29,52
2010-09-30,53
2010-10-01,47
2010-10-02,36
2010-10-03,23
2010-10-04,57
2010-10-05,53
2010-10-06,74
2010-10-07,59
2010-10-08,65
2010-10-09,31
2010-10-10,42
2010-10-11,73
2010-10-12,59
2010-10-13,53
2010-10-14,61
2010-10-15,49
2010-10-16,22
2010-10-17,23
2010-10-18,67
2010-10-19,66
2010-10-20,62
2010-10-21,53
2010-10-22,49
2010-10-23,23
2010-10-24,25
2010-10-25,48
2010-10-26,58
2010-10-27,67
2010-10-28,56
2010-10-29,61
2010-10-30,21
2010-10-31,24
2010-11-01,56
2010-11-02,51
2010-11-03,62
2010-11-04,85
2010-11-05,63
2010-11-06,39
2010-11-07,25
2010-11-08,59
2010-11-09,57
2010-11-10,69
2010-11-11,67
2010-11-12,63
2010-11-13,33
2010-11-14,25
2010-11-15,56
2010-11-16,60
2010-11-17,53
2010-11-18,68
2010-11-19,61
2010-11-20,25
2010-11-21,19
2010-11-22,49
2010-11-23,57
2010-11-24,67
2010-11-25,37
2010-11-26,64
2010-11-27,23
2010-11-28,26
2010-11-29,48
2010-11-30,52
2010-12-01,54
2010-12-02,55
2010-12-03,61
2010-12-04,23
2010-12-05,24
2010-12-06,63
2010-12-07,51
2010-12-08,54
2010-12-09,49
2010-12-10,52
2010-12-11,29
2010-12-12,21
2010-12-13,44
2010-12-14,51
2010-12-15,52
2010-12-16,50
2010-12-17,59
2010-12-18,26
2010-12-19,17
2010-12-20,50
2010-12-21,49
2010-12-22,48
2010-12-23,78
2010-12-24,76
2010-12-25,21
2010-12-26,34
2010-12-27,60
2010-12-28,54
2010-12-29,52
2010-12-30,86
2010-12-31,100
2011-01-01,30
2011-01-02,34
2011-01-03,64
2011-01-04,59
2011-01-05,54
2011-01-06,56
2011-01-07,49
2011-01-08,31
2011-01-09,29
2011-01-10,61
2011-01-11,57
2011-01-12,59
2011-01-13,60
2011-01-14,59
2011-01-15,34
2011-01-16,39
2011-01-17,81
2011-01-18,55
2011-01-19,64
2011-01-20,59
2011-01-21,53
2011-01-22,29
2011-01-23,23
2011-01-24,57
2011-01-25,57
2011-01-26,61
2011-01-27,54
2011-01-28,57
2011-01-29,39
2011-01-30,35
2011-01-31,60
2011-02-01,53
2011-02-02,53
2011-02-03,53
2011-02-04,56
2011-02-05,25
2011-02-06,27
2011-02-07,59
2011-02-08,62
2011-02-09,56
2011-02-10,57
2011-02-11,57
2011-02-12,35
2011-02-13,33
2011-02-14,60
2011-02-15,56
2011-02-16,47
2011-02-17,65
2011-02-18,62
2011-02-19,45
2011-02-20,42
2011-02-21,82
2011-02-22,67
2011-02-23,62
2011-02-24,62
2011-02-25,57
2011-02-26,38
2011-02-27,26
2011-02-28,60
2011-03-01,62
2011-03-02,62
2011-03-03,59
2011-03-04,58
2011-03-05,29
2011-03-06,23
2011-03-07,52
2011-03-08,62
2011-03-09,55
2011-03-10,60
2011-03-11,68
2011-03-12,31
2011-03-13,33
2011-03-14,75
2011-03-15,98
2011-03-16,89
2011-03-17,82
2011-03-18,58
2011-03-19,29
2011-03-20,33
2011-03-21,56
2011-03-22,66
2011-03-23,60
2011-03-24,51
2011-03-25,55
2011-03-26,33
2011-03-27,23
2011-03-28,50
2011-03-29,51
2011-03-30,53
2011-03-31,47
2011-04-01,53
2011-04-02,27
2011-04-03,23
2011-04-04,60
2011-04-05,54
2011-04-06,49
2011-04-07,58
2011-04-08,52
2011-04-09,29
2011-04-10,28
2011-04-11,54
2011-04-12,53
2011-04-13,49
2011-04-14,59
2011-04-15,57
2011-04-16,28
2011-04-17,28
2011-04-18,66
2011-04-19,62
2011-04-20,55
2011-04-21,76
2011-04-22,100
2011-04-23,26
2011-04-24,22
2011-04-25,53
2011-04-26,52
2011-04-27,52
2011-04-28,56
2011-04-29,47
2011-04-30,26
2011-05-01,28
2011-05-02,68
2011-05-03,53
2011-05-04,49
2011-05-05,49
2011-05-06,48
2011-05-07,23
2011-05-08,23
2011-05-09,41
2011-05-10,49
2011-05-11,53
2011-05-12,45
2011-05-13,45
2011-05-14,28
2011-05-15,17
2011-05-16,42
2011-05-17,44
2011-05-18,44
2011-05-19,46
2011-05-20,37
2011-05-21,22
2011-05-22,17
2011-05-23,37
2011-05-24,46
2011-05-25,37
2011-05-26,33
2011-05-27,41
2011-05-28,19
2011-05-29,17
2011-05-30,29
2011-05-31,45
2011-06-01,44
2011-06-02,59
2011-06-03,47
2011-06-04,19
2011-06-05,20
2011-06-06,46
2011-06-07,37
2011-06-08,43
2011-06-09,35
2011-06-10,36
2011-06-11,33
2011-06-12,23
2011-06-13,43
2011-06-14,38
2011-06-15,46
2011-06-16,42
2011-06-17,36
2011-06-18,21
2011-06-19,18
2011-06-20,32
2011-06-21,38
2011-06-22,36
2011-06-23,41
2011-06-24,36
2011-06-25,23
2011-06-26,16
2011-06-27,35
2011-06-28,45
2011-06-29,40
2011-06-30,36
2011-07-01,9
2011-07-02,5
2011-07-03,4
2011-07-04,6
2011-07-05,9
2011-07-06,9
2011-07-07,9
2011-07-08,9
2011-07-09,5
2011-07-10,5
2011-07-11,9
2011-07-12,9
2011-07-13,9
2011-07-14,9
2011-07-15,9
2011-07-16,5
2011-07-17,5
2011-07-18,9
2011-07-19,11
2011-07-20,9
2011-07-21,9
2011-07-22,9
2011-07-23,5
2011-07-24,9
2011-07-25,15
2011-07-26,11
2011-07-27,11
2011-07-28,14
2011-07-29,13
2011-07-30,8
2011-07-31,5
2011-08-01,17
2011-08-02,15
2011-08-03,18
2011-08-04,49
2011-08-05,66
2011-08-06,20
2011-08-07,23
2011-08-08,100
2011-08-09,78
2011-08-10,50
2011-08-11,47
2011-08-12,30
2011-08-13,12
2011-08-14,10
2011-08-15,20
2011-08-16,17
2011-08-17,15
2011-08-18,25
2011-08-19,29
2011-08-20,11
2011-08-21,8
2011-08-22,19
2011-08-23,15
2011-08-24,15
2011-08-25,15
2011-08-26,13
2011-08-27,6
2011-08-28,6
2011-08-29,12
2011-08-30,12
2011-08-31,12
2011-09-01,12
2011-09-02,14
2011-09-03,7
2011-09-04,6
2011-09-05,8
2011-09-06,15
2011-09-07,12
2011-09-08,13
2011-09-09,13
2011-09-10,7
2011-09-11,6
2011-09-12,14
2011-09-13,12
2011-09-14,12
2011-09-15,12
2011-09-16,11
2011-09-17,6
2011-09-18,5
2011-09-19,11
2011-09-20,12
2011-09-21,14
2011-09-22,23
2011-09-23,22
2011-09-24,10
2011-09-25,7
2011-09-26,16
2011-09-27,15
2011-09-28,15
2011-09-29,14
2011-09-30,14
2011-10-01,7
2011-10-02,8
2011-10-03,16
2011-10-04,21
2011-10-05,17
2011-10-06,17
2011-10-07,16
2011-10-08,8
2011-10-09,9
2011-10-10,19
2011-10-11,15
2011-10-12,14
2011-10-13,15
2011-10-14,13
2011-10-15,6
2011-10-16,6
2011-10-17,15
2011-10-18,12
2011-10-19,13
2011-10-20,13
2011-10-21,12
2011-10-22,6
2011-10-23,6
2011-10-24,14
2011-10-25,15
2011-10-26,13
2011-10-27,17
2011-10-28,17
2011-10-29,7
2011-10-30,6
2011-10-31,14
2011-11-01,16
2011-11-02,16
2011-11-03,14
2011-11-04,13
2011-11-05,7
2011-11-06,7
2011-11-07,13
2011-11-08,13
2011-11-09,16
2011-11-10,18
2011-11-11,15
2011-11-12,6
2011-11-13,7
2011-11-14,12
2011-11-15,12
2011-11-16,13
2011-11-17,13
2011-11-18,13
2011-11-19,6
2011-11-20,6
2011-11-21,14
2011-11-22,13
2011-11-23,14
2011-11-24,9
2011-11-25,15
2011-11-26,6
2011-11-27,6
2011-11-28,13
2011-11-29,13
2011-11-30,13
2011-12-01,15
2011-12-02,13
2011-12-03,6
2011-12-04,6
2011-12-05,12
2011-12-06,13
2011-12-07,12
2011-12-08,12
2011-12-09,12
2011-12-10,5
2011-12-11,6
2011-12-12,12
2011-12-13,11
2011-12-14,11
2011-12-15,11
2011-12-16,10
2011-12-17,5
2011-12-18,5
2011-12-19,11
2011-12-20,10
2011-12-21,11
2011-12-22,11
2011-12-23,14
2011-12-24,7
2011-12-25,7
2011-12-26,23
2011-12-27,11
2011-12-28,10
2011-12-29,11
2011-12-30,13
2011-12-31,5
2012-01-01,34
2012-01-02,75
2012-01-03,49
2012-01-04,48
2012-01-05,46
2012-01-06,41
2012-01-07,26
2012-01-08,26
2012-01-09,42
2012-01-10,44
2012-01-11,44
2012-01-12,39
2012-01-13,51
2012-01-14,27
2012-01-15,23
2012-01-16,61
2012-01-17,48
2012-01-18,48
2012-01-19,49
2012-01-20,46
2012-01-21,19
2012-01-22,22
2012-01-23,44
2012-01-24,48
2012-01-25,51
2012-01-26,45
2012-01-27,43
2012-01-28,26
2012-01-29,22
2012-01-30,45
2012-01-31,52
2012-02-01,51
2012-02-02,56
2012-02-03,52
2012-02-04,29
2012-02-05,26
2012-02-06,53
2012-02-07,53
2012-02-08,51
2012-02-09,59
2012-02-10,48
2012-02-11,25
2012-02-12,22
2012-02-13,46
2012-02-14,52
2012-02-15,50
2012-02-16,60
2012-02-17,55
2012-02-18,35
2012-02-19,27
2012-02-20,74
2012-02-21,61
2012-02-22,52
2012-02-23,55
2012-02-24,49
2012-02-25,26
2012-02-26,21
2012-02-27,52
2012-02-28,51
2012-02-29,51
2012-03-01,53
2012-03-02,53
2012-03-03,25
2012-03-04,27
2012-03-05,49
2012-03-06,56
2012-03-07,62
2012-03-08,49
2012-03-09,55
2012-03-10,24
2012-03-11,17
2012-03-12,51
2012-03-13,50
2012-03-14,52
2012-03-15,54
2012-03-16,52
2012-03-17,20
2012-03-18,23
2012-03-19,47
2012-03-20,52
2012-03-21,47
2012-03-22,44
2012-03-23,37
2012-03-24,27
2012-03-25,19
2012-03-26,44
2012-03-27,44
2012-03-28,51
2012-03-29,46
2012-03-30,46
2012-03-31,19
2012-04-01,24
2012-04-02,39
2012-04-03,47
2012-04-04,49
2012-04-05,53
2012-04-06,77
2012-04-07,26
2012-04-08,18
2012-04-09,51
2012-04-10,60
2012-04-11,55
2012-04-12,47
2012-04-13,38
2012-04-14,20
2012-04-15,26
2012-04-16,49
2012-04-17,46
2012-04-18,46
2012-04-19,44
2012-04-20,39
2012-04-21,19
2012-04-22,18
2012-04-23,48
2012-04-24,47
2012-04-25,48
2012-04-26,53
2012-04-27,35
2012-04-28,19
2012-04-29,20
2012-04-30,45
2012-05-01,42
2012-05-02,37
2012-05-03,39
2012-05-04,40
2012-05-05,21
2012-05-06,20
2012-05-07,50
2012-05-08,49
2012-05-09,37
2012-05-10,36
2012-05-11,42
2012-05-12,22
2012-05-13,20
2012-05-14,40
2012-05-15,46
2012-05-16,43
2012-05-17,61
2012-05-18,100
2012-05-19,34
2012-05-20,27
2012-05-21,54
2012-05-22,53
2012-05-23,58
2012-05-24,49
2012-05-25,44
2012-05-26,22
2012-05-27,15
2012-05-28,31
2012-05-29,40
2012-05-30,46
2012-05-31,48
2012-06-01,50
2012-06-02,25
2012-06-03,20
2012-06-04,52
2012-06-05,50
2012-06-06,36
2012-06-07,37
2012-06-08,36
2012-06-09,22
2012-06-10,18
2012-06-11,35
2012-06-12,33
2012-06-13,35
2012-06-14,34
2012-06-15,38
2012-06-16,17
2012-06-17,18
2012-06-18,37
2012-06-19,38
2012-06-20,36
2012-06-21,43
2012-06-22,39
2012-06-23,20
2012-06-24,18
2012-06-25,37
2012-06-26,34
2012-06-27,31
2012-06-28,50
2012-06-29,34
2012-06-30,22
2012-07-01,8
2012-07-02,18
2012-07-03,23
2012-07-04,10
2012-07-05,15
2012-07-06,13
2012-07-07,8
2012-07-08,6
2012-07-09,13
2012-07-10,15
2012-07-11,14
2012-07-12,14
2012-07-13,14
2012-07-14,7
2012-07-15,6
2012-07-16,14
2012-07-17,13
2012-07-18,14
2012-07-19,15
2012-07-20,12
2012-07-21,8
2012-07-22,7
2012-07-23,15
2012-07-24,15
2012-07-25,13
2012-07-26,15
2012-07-27,15
2012-07-28,7
2012-07-29,8
2012-07-30,14
2012-07-31,13
2012-08-01,14
2012-08-02,15
2012-08-03,12
2012-08-04,9
2012-08-05,8
2012-08-06,14
2012-08-07,13
2012-08-08,13
2012-08-09,15
2012-08-10,14
2012-08-11,8
2012-08-12,7
2012-08-13,14
2012-08-14,13
2012-08-15,14
2012-08-16,13
2012-08-17,15
2012-08-18,9
2012-08-19,7
2012-08-20,11
2012-08-21,14
2012-08-22,13
2012-08-23,13
2012-08-24,15
2012-08-25,7
2012-08-26,7
2012-08-27,17
2012-08-28,12
2012-08-29,13
2012-08-30,14
2012-08-31,15
2012-09-01,9
2012-09-02,7
2012-09-03,12
2012-09-04,13
2012-09-05,13
2012-09-06,20
2012-09-07,17
2012-09-08,9
2012-09-09,8
2012-09-10,16
2012-09-11,18
2012-09-12,17
2012-09-13,19
2012-09-14,21
2012-09-15,10
2012-09-16,8
2012-09-17,18
2012-09-18,17
2012-09-19,19
2012-09-20,19
2012-09-21,18
2012-09-22,10
2012-09-23,11
2012-09-24,16
2012-09-25,16
2012-09-26,17
2012-09-27,20
2012-09-28,16
2012-09-29,9
2012-09-30,10
2012-10-01,20
2012-10-02,19
2012-10-03,17
2012-10-04,19
2012-10-05,22
2012-10-06,11
2012-10-07,14
2012-10-08,26
2012-10-09,17
2012-10-10,19
2012-10-11,18
2012-10-12,17
2012-10-13,8
2012-10-14,8
2012-10-15,17
2012-10-16,18
2012-10-17,17
2012-10-18,19
2012-10-19,21
2012-10-20,11
2012-10-21,8
2012-10-22,18
2012-10-23,23
2012-10-24,24
2012-10-25,18
2012-10-26,18
2012-10-27,9
2012-10-28,10
2012-10-29,38
2012-10-30,30
2012-10-31,25
2012-11-01,19
2012-11-02,22
2012-11-03,8
2012-11-04,8
2012-11-05,20
2012-11-06,21
2012-11-07,100
2012-11-08,67
2012-11-09,49
2012-11-10,19
2012-11-11,19
2012-11-12,32
2012-11-13,24
2012-11-14,26
2012-11-15,29
2012-11-16,28
2012-11-17,11
2012-11-18,10
2012-11-19,23
2012-11-20,21
2012-11-21,23
2012-11-22,13
2012-11-23,23
2012-11-24,9
2012-11-25,8
2012-11-26,18
2012-11-27,21
2012-11-28,18
2012-11-29,19
2012-11-30,19
2012-12-01,9
2012-12-02,8
2012-12-03,18
2012-12-04,20
2012-12-05,18
2012-12-06,20
2012-12-07,16
2012-12-08,9
2012-12-09,8
2012-12-10,16
2012-12-11,19
2012-12-12,18
2012-12-13,18
2012-12-14,15
2012-12-15,7
2012-12-16,6
2012-12-17,15
2012-12-18,16
2012-12-19,17
2012-12-20,18
2012-12-21,21
2012-12-22,9
2012-12-23,11
2012-12-24,27
2012-12-25,8
2012-12-26,17
2012-12-27,18
2012-12-28,21
2012-12-29,11
2012-12-30,13
2012-12-31,35
2013-01-01,44
2013-01-02,65
2013-01-03,59
2013-01-04,52
2013-01-05,27
2013-01-06,24
2013-01-07,47
2013-01-08,40
2013-01-09,44
2013-01-10,46
2013-01-11,47
2013-01-12,24
2013-01-13,18
2013-01-14,54
2013-01-15,49
2013-01-16,51
2013-01-17,42
2013-01-18,54
2013-01-19,37
2013-01-20,27
2013-01-21,70
2013-01-22,47
2013-01-23,53
2013-01-24,55
2013-01-25,48
2013-01-26,24
2013-01-27,25
2013-01-28,49
2013-01-29,54
2013-01-30,53
2013-01-31,49
2013-02-01,70
2013-02-02,29
2013-02-03,25
2013-02-04,54
2013-02-05,63
2013-02-06,51
2013-02-07,52
2013-02-08,49
2013-02-09,24
2013-02-10,28
2013-02-11,50
2013-02-12,49
2013-02-13,54
2013-02-14,59
2013-02-15,58
2013-02-16,29
2013-02-17,29
2013-02-18,64
2013-02-19,50
2013-02-20,62
2013-02-21,61
2013-02-22,55
2013-02-23,21
2013-02-24,26
2013-02-25,59
2013-02-26,66
2013-02-27,60
2013-02-28,58
2013-03-01,56
2013-03-02,28
2013-03-03,23
2013-03-04,55
2013-03-05,71
2013-03-06,75
2013-03-07,62
2013-03-08,62
2013-03-09,26
2013-03-10,31
2013-03-11,54
2013-03-12,58
2013-03-13,52
2013-03-14,59
2013-03-15,54
2013-03-16,28
2013-03-17,25
2013-03-18,56
2013-03-19,60
2013-03-20,60
2013-03-21,56
2013-03-22,48
2013-03-23,27
2013-03-24,23
2013-03-25,51
2013-03-26,48
2013-03-27,53
2013-03-28,66
2013-03-29,100
2013-03-30,23
2013-03-31,20
2013-04-01,43
2013-04-02,54
2013-04-03,53
2013-04-04,55
2013-04-05,56
2013-04-06,25
2013-04-07,26
2013-04-08,53
2013-04-09,55
2013-04-10,56
2013-04-11,62
2013-04-12,53
2013-04-13,21
2013-04-14,23
2013-04-15,62
2013-04-16,70
2013-04-17,61
2013-04-18,57
2013-04-19,58
2013-04-20,21
2013-04-21,24
2013-04-22,56
2013-04-23,54
2013-04-24,58
2013-04-25,64
2013-04-26,51
2013-04-27,20
2013-04-28,23
2013-04-29,52
2013-04-30,52
2013-05-01,55
2013-05-02,55
2013-05-03,55
2013-05-04,27
2013-05-05,22
2013-05-06,53
2013-05-07,59
2013-05-08,58
2013-05-09,62
2013-05-10,48
2013-05-11,27
2013-05-12,20
2013-05-13,45
2013-05-14,54
2013-05-15,57
2013-05-16,51
2013-05-17,50
2013-05-18,24
2013-05-19,27
2013-05-20,49
2013-05-21,50
2013-05-22,61
2013-05-23,60
2013-05-24,52
2013-05-25,23
2013-05-26,22
2013-05-27,35
2013-05-28,46
2013-05-29,54
2013-05-30,54
2013-05-31,47
2013-06-01,26
2013-06-02,19
2013-06-03,48
2013-06-04,47
2013-06-05,56
2013-06-06,53
2013-06-07,47
2013-06-08,20
2013-06-09,21
2013-06-10,37
2013-06-11,40
2013-06-12,41
2013-06-13,46
2013-06-14,41
2013-06-15,18
2013-06-16,19
2013-06-17,40
2013-06-18,43
2013-06-19,42
2013-06-20,72
2013-06-21,80
2013-06-22,33
2013-06-23,24
2013-06-24,62
2013-06-25,55
2013-06-26,54
2013-06-27,50
2013-06-28,48
2013-06-29,20
2013-06-30,16
2013-07-01,36
2013-07-02,38
2013-07-03,50
2013-07-04,21
2013-07-05,42
2013-07-06,16
2013-07-07,11
2013-07-08,33
2013-07-09,38
2013-07-10,33
2013-07-11,33
2013-07-12,33
2013-07-13,20
2013-07-14,15
2013-07-15,32
2013-07-16,34
2013-07-17,32
2013-07-18,33
2013-07-19,28
2013-07-20,14
2013-07-21,18
2013-07-22,33
2013-07-23,32
2013-07-24,29
2013-07-25,30
2013-07-26,34
2013-07-27,15
2013-07-28,20
2013-07-29,25
2013-07-30,35
2013-07-31,28
2013-08-01,34
2013-08-02,38
2013-08-03,17
2013-08-04,14
2013-08-05,31
2013-08-06,30
2013-08-07,30
2013-08-08,31
2013-08-09,34
2013-08-10,19
2013-08-11,14
2013-08-12,33
2013-08-13,28
2013-08-14,31
2013-08-15,36
2013-08-16,37
2013-08-17,18
2013-08-18,12
2013-08-19,34
2013-08-20,33
2013-08-21,32
2013-08-22,40
2013-08-23,33
2013-08-24,18
2013-08-25,15
2013-08-26,31
2013-08-27,37
2013-08-28,38
2013-08-29,38
2013-08-30,34
2013-08-31,16
2013-09-01,13
2013-09-02,24
2013-09-03,37
2013-09-04,34
2013-09-05,37
2013-09-06,33
2013-09-07,17
2013-09-08,16
2013-09-09,34
2013-09-10,36
2013-09-11,40
2013-09-12,38
2013-09-13,39
2013-09-14,18
2013-09-15,18
2013-09-16,38
2013-09-17,42
2013-09-18,56
2013-09-19,59
2013-09-20,55
2013-09-21,44
2013-09-22,56
2013-09-23,62
2013-09-24,61
2013-09-25,66
2013-09-26,61
2013-09-27,62
2013-09-28,47
2013-09-29,52
2013-09-30,71
2013-10-01,100
2013-10-02,66
2013-10-03,71
2013-10-04,61
2013-10-05,34
2013-10-06,38
2013-10-07,57
2013-10-08,71
2013-10-09,66
2013-10-10,66
2013-10-11,62
2013-10-12,36
2013-10-13,48
2013-10-14,82
2013-10-15,60
2013-10-16,68
2013-10-17,58
2013-10-18,51
2013-10-19,37
2013-10-20,28
2013-10-21,49
2013-10-22,53
2013-10-23,47
2013-10-24,48
2013-10-25,44
2013-10-26,29
2013-10-27,30
2013-10-28,42
2013-10-29,51
2013-10-30,49
2013-10-31,46
2013-11-01,46
2013-11-02,27
2013-11-03,25
2013-11-04,48
2013-11-05,49
2013-11-06,52
2013-11-07,64
2013-11-08,64
2013-11-09,35
2013-11-10,36
2013-11-11,70
2013-11-12,49
2013-11-13,44
2013-11-14,48
2013-11-15,46
2013-11-16,28
2013-11-17,27
2013-11-18,48
2013-11-19,49
2013-11-20,50
2013-11-21,44
2013-11-22,49
2013-11-23,23
2013-11-24,23
2013-11-25,46
2013-11-26,50
2013-11-27,50
2013-11-28,30
2013-11-29,57
2013-11-30,25
2013-12-01,21
2013-12-02,41
2013-12-03,48
2013-12-04,48
2013-12-05,42
2013-12-06,40
2013-12-07,24
2013-12-08,27
2013-12-09,41
2013-12-10,40
2013-12-11,44
2013-12-12,45
2013-12-13,37
2013-12-14,20
2013-12-15,21
2013-12-16,40
2013-12-17,36
2013-12-18,46
2013-12-19,48
2013-12-20,39
2013-12-21,26
2013-12-22,19
2013-12-23,47
2013-12-24,72
2013-12-25,27
2013-12-26,48
2013-12-27,42
2013-12-28,25
2013-12-29,22
2013-12-30,53
2013-12-31,80
2014-01-01,46
2014-01-02,56
2014-01-03,51
2014-01-04,31
2014-01-05,28
2014-01-06,51
2014-01-07,53
2014-01-08,52
2014-01-09,57
2014-01-10,55
2014-01-11,30
2014-01-12,28
2014-01-13,54
2014-01-14,57
2014-01-15,59
2014-01-16,56
2014-01-17,60
2014-01-18,34
2014-01-19,39
2014-01-20,84
2014-01-21,50
2014-01-22,51
2014-01-23,57
2014-01-24,79
2014-01-25,49
2014-01-26,38
2014-01-27,80
2014-01-28,67
2014-01-29,68
2014-01-30,71
2014-01-31,64
2014-02-01,34
2014-02-02,30
2014-02-03,83
2014-02-04,93
2014-02-05,73
2014-02-06,71
2014-02-07,69
2014-02-08,35
2014-02-09,26
2014-02-10,55
2014-02-11,67
2014-02-12,71
2014-02-13,58
2014-02-14,59
2014-02-15,35
2014-02-16,38
2014-02-17,93
2014-02-18,60
2014-02-19,58
2014-02-20,60
2014-02-21,58
2014-02-22,30
2014-02-23,22
2014-02-24,57
2014-02-25,64
2014-02-26,62
2014-02-27,65
2014-02-28,59
2014-03-01,32
2014-03-02,34
2014-03-03,71
2014-03-04,77
2014-03-05,69
2014-03-06,66
2014-03-07,61
2014-03-08,29
2014-03-09,27
2014-03-10,54
2014-03-11,52
2014-03-12,56
2014-03-13,68
2014-03-14,60
2014-03-15,30
2014-03-16,29
2014-03-17,65
2014-03-18,61
2014-03-19,58
2014-03-20,59
2014-03-21,59
2014-03-22,30
2014-03-23,24
2014-03-24,58
2014-03-25,57
2014-03-26,55
2014-03-27,61
2014-03-28,55
2014-03-29,28
2014-03-30,31
2014-03-31,69
2014-04-01,64
2014-04-02,65
2014-04-03,60
2014-04-04,63
2014-04-05,34
2014-04-06,25
2014-04-07,66
2014-04-08,65
2014-04-09,59
2014-04-10,73
2014-04-11,80
2014-04-12,39
2014-04-13,29
2014-04-14,62
2014-04-15,64
2014-04-16,61
2014-04-17,74
2014-04-18,100
2014-04-19,28
2014-04-20,27
2014-04-21,60
2014-04-22,49
2014-04-23,47
2014-04-24,56
2014-04-25,52
2014-04-26,24
2014-04-27,25
2014-04-28,59
2014-04-29,55
2014-04-30,57
2014-05-01,54
2014-05-02,45
2014-05-03,22
2014-05-04,24
2014-05-05,47
2014-05-06,51
2014-05-07,50
2014-05-08,48
2014-05-09,49
2014-05-10,20
2014-05-11,21
2014-05-12,46
2014-05-13,46
2014-05-14,46
2014-05-15,46
2014-05-16,44
2014-05-17,23
2014-05-18,22
2014-05-19,42
2014-05-20,47
2014-05-21,46
2014-05-22,42
2014-05-23,41
2014-05-24,23
2014-05-25,19
2014-05-26,28
2014-05-27,43
2014-05-28,48
2014-05-29,45
2014-05-30,43
2014-05-31,25
2014-06-01,23
2014-06-02,37
2014-06-03,37
2014-06-04,39
2014-06-05,41
2014-06-06,44
2014-06-07,26
2014-06-08,20
2014-06-09,44
2014-06-10,45
2014-06-11,40
2014-06-12,42
2014-06-13,42
2014-06-14,21
2014-06-15,23
2014-06-16,37
2014-06-17,37
2014-06-18,38
2014-06-19,37
2014-06-20,41
2014-06-21,21
2014-06-22,21
2014-06-23,38
2014-06-24,41
2014-06-25,44
2014-06-26,33
2014-06-27,38
2014-06-28,22
2014-06-29,21
2014-06-30,41
2014-07-01,30
2014-07-02,29
2014-07-03,43
2014-07-04,19
2014-07-05,11
2014-07-06,13
2014-07-07,27
2014-07-08,27
2014-07-09,25
2014-07-10,29
2014-07-11,23
2014-07-12,12
2014-07-13,13
2014-07-14,25
2014-07-15,27
2014-07-16,24
2014-07-17,28
2014-07-18,31
2014-07-19,16
2014-07-20,11
2014-07-21,26
2014-07-22,27
2014-07-23,26
2014-07-24,27
2014-07-25,25
2014-07-26,16
2014-07-27,12
2014-07-28,27
2014-07-29,28
2014-07-30,30
2014-07-31,42
2014-08-01,48
2014-08-02,25
2014-08-03,17
2014-08-04,32
2014-08-05,33
2014-08-06,31
2014-08-07,26
2014-08-08,30
2014-08-09,18
2014-08-10,13
2014-08-11,24
2014-08-12,23
2014-08-13,26
2014-08-14,24
2014-08-15,26
2014-08-16,13
2014-08-17,13
2014-08-18,25
2014-08-19,26
2014-08-20,25
2014-08-21,27
2014-08-22,28
2014-08-23,14
2014-08-24,12
2014-08-25,23
2014-08-26,30
2014-08-27,26
2014-08-28,27
2014-08-29,29
2014-08-30,12
2014-08-31,15
2014-09-01,18
2014-09-02,28
2014-09-03,28
2014-09-04,26
2014-09-05,26
2014-09-06,13
2014-09-07,15
2014-09-08,30
2014-09-09,30
2014-09-10,29
2014-09-11,28
2014-09-12,28
2014-09-13,18
2014-09-14,12
2014-09-15,28
2014-09-16,30
2014-09-17,28
2014-09-18,33
2014-09-19,43
2014-09-20,17
2014-09-21,14
2014-09-22,34
2014-09-23,34
2014-09-24,33
2014-09-25,44
2014-09-26,38
2014-09-27,15
2014-09-28,14
2014-09-29,36
2014-09-30,38
2014-10-01,41
2014-10-02,44
2014-10-03,38
2014-10-04,14
2014-10-05,11
2014-10-06,38
2014-10-07,39
2014-10-08,43
2014-10-09,57
2014-10-10,68
2014-10-11,28
2014-10-12,29
2014-10-13,73
2014-10-14,58
2014-10-15,100
2014-10-16,80
2014-10-17,60
2014-10-18,22
2014-10-19,19
2014-10-20,48
2014-10-21,48
2014-10-22,44
2014-10-23,43
2014-10-24,42
2014-10-25,18
2014-10-26,16
2014-10-27,40
2014-10-28,40
2014-10-29,45
2014-10-30,41
2014-10-31,45
2014-11-01,18
2014-11-02,16
2014-11-03,39
2014-11-04,40
2014-11-05,44
2014-11-06,43
2014-11-07,38
2014-11-08,21
2014-11-09,17
2014-11-10,46
2014-11-11,49
2014-11-12,39
2014-11-13,35
2014-11-14,35
2014-11-15,16
2014-11-16,17
2014-11-17,39
2014-11-18,35
2014-11-19,38
2014-11-20,38
2014-11-21,42
2014-11-22,20
2014-11-23,18
2014-11-24,38
2014-11-25,38
2014-11-26,44
2014-11-27,24
2014-11-28,45
2014-11-29,21
2014-11-30,17
2014-12-01,35
2014-12-02,39
2014-12-03,38
2014-12-04,36
2014-12-05,38
2014-12-06,20
2014-12-07,18
2014-12-08,39
2014-12-09,40
2014-12-10,45
2014-12-11,41
2014-12-12,44
2014-12-13,25
2014-12-14,23
2014-12-15,56
2014-12-16,54
2014-12-17,52
2014-12-18,50
2014-12-19,46
2014-12-20,25
2014-12-21,18
2014-12-22,36
2014-12-23,45
2014-12-24,64
2014-12-25,23
2014-12-26,48
2014-12-27,25
2014-12-28,24
2014-12-29,41
2014-12-30,43
2014-12-31,61
2015-01-01,40
2015-01-02,51
2015-01-03,27
2015-01-04,26
2015-01-05,63
2015-01-06,70
2015-01-07,69
2015-01-08,62
2015-01-09,56
2015-01-10,31
2015-01-11,27
2015-01-12,53
2015-01-13,60
2015-01-14,63
2015-01-15,59
2015-01-16,64
2015-01-17,32
2015-01-18,34
2015-01-19,77
2015-01-20,53
2015-01-21,52
2015-01-22,52
2015-01-23,56
2015-01-24,26
2015-01-25,23
2015-01-26,50
2015-01-27,64
2015-01-28,65
2015-01-29,63
2015-01-30,57
2015-01-31,32
2015-02-01,25
2015-02-02,47
2015-02-03,59
2015-02-04,65
2015-02-05,60
2015-02-06,55
2015-02-07,27
2015-02-08,23
2015-02-09,56
2015-02-10,57
2015-02-11,55
2015-02-12,60
2015-02-13,56
2015-02-14,30
2015-02-15,28
2015-02-16,73
2015-02-17,53
2015-02-18,55
2015-02-19,52
2015-02-20,50
2015-02-21,25
2015-02-22,23
2015-02-23,53
2015-02-24,61
2015-02-25,55
2015-02-26,58
2015-02-27,52
2015-02-28,25
2015-03-01,23
2015-03-02,53
2015-03-03,50
2015-03-04,59
2015-03-05,51
2015-03-06,58
2015-03-07,27
2015-03-08,27
2015-03-09,58
2015-03-10,64
2015-03-11,67
2015-03-12,59
2015-03-13,56
2015-03-14,20
2015-03-15,23
2015-03-16,56
2015-03-17,56
2015-03-18,57
2015-03-19,60
2015-03-20,58
2015-03-21,26
2015-03-22,27
2015-03-23,51
2015-03-24,56
2015-03-25,53
2015-03-26,53
2015-03-27,54
2015-03-28,30
2015-03-29,21
2015-03-30,56
2015-03-31,57
2015-04-01,60
2015-04-02,60
2015-04-03,98
2015-04-04,20
2015-04-05,19
2015-04-06,50
2015-04-07,47
2015-04-08,51
2015-04-09,50
2015-04-10,48
2015-04-11,20
2015-04-12,24
2015-04-13,51
2015-04-14,49
2015-04-15,52
2015-04-16,56
2015-04-17,65
2015-04-18,27
2015-04-19,30
2015-04-20,57
2015-04-21,54
2015-04-22,49
2015-04-23,55
2015-04-24,56
2015-04-25,22
2015-04-26,27
2015-04-27,50
2015-04-28,53
2015-04-29,56
2015-04-30,59
2015-05-01,53
2015-05-02,19
2015-05-03,23
2015-05-04,51
2015-05-05,45
2015-05-06,50
2015-05-07,50
2015-05-08,51
2015-05-09,21
2015-05-10,20
2015-05-11,50
2015-05-12,51
2015-05-13,47
2015-05-14,48
2015-05-15,45
2015-05-16,18
2015-05-17,21
2015-05-18,41
2015-05-19,49
2015-05-20,45
2015-05-21,43
2015-05-22,49
2015-05-23,22
2015-05-24,22
2015-05-25,27
2015-05-26,45
2015-05-27,47
2015-05-28,50
2015-05-29,46
2015-05-30,20
2015-05-31,22
2015-06-01,37
2015-06-02,41
2015-06-03,42
2015-06-04,38
2015-06-05,44
2015-06-06,16
2015-06-07,18
2015-06-08,42
2015-06-09,41
2015-06-10,49
2015-06-11,42
2015-06-12,36
2015-06-13,22
2015-06-14,19
2015-06-15,37
2015-06-16,37
2015-06-17,38
2015-06-18,42
2015-06-19,37
2015-06-20,22
2015-06-21,18
2015-06-22,38
2015-06-23,37
2015-06-24,36
2015-06-25,39
2015-06-26,47
2015-06-27,24
2015-06-28,25
2015-06-29,91
2015-06-30,100
2015-07-01,11
2015-07-02,10
2015-07-03,11
2015-07-04,4
2015-07-05,5
2015-07-06,14
2015-07-07,13
2015-07-08,43
2015-07-09,24
2015-07-10,14
2015-07-11,5
2015-07-12,5
2015-07-13,10
2015-07-14,8
2015-07-15,8
2015-07-16,8
2015-07-17,7
2015-07-18,3
2015-07-19,4
2015-07-20,8
2015-07-21,8
2015-07-22,7
2015-07-23,9
2015-07-24,8
2015-07-25,5
2015-07-26,4
2015-07-27,12
2015-07-28,12
2015-07-29,9
2015-07-30,8
2015-07-31,7
2015-08-01,4
2015-08-02,3
2015-08-03,9
2015-08-04,7
2015-08-05,7
2015-08-06,8
2015-08-07,7
2015-08-08,4
2015-08-09,3
2015-08-10,7
2015-08-11,9
2015-08-12,10
2015-08-13,8
2015-08-14,6
2015-08-15,4
2015-08-16,4
2015-08-17,8
2015-08-18,7
2015-08-19,9
2015-08-20,12
2015-08-21,31
2015-08-22,19
2015-08-23,13
2015-08-24,100
2015-08-25,80
2015-08-26,48
2015-08-27,30
2015-08-28,22
2015-08-29,8
2015-08-30,6
2015-08-31,15
2015-09-01,21
2015-09-02,21
2015-09-03,16
2015-09-04,14
2015-09-05,7
2015-09-06,6
2015-09-07,9
2015-09-08,15
2015-09-09,14
2015-09-10,13
2015-09-11,12
2015-09-12,6
2015-09-13,5
2015-09-14,14
2015-09-15,11
2015-09-16,11
2015-09-17,10
2015-09-18,11
2015-09-19,5
2015-09-20,5
2015-09-21,11
2015-09-22,11
2015-09-23,11
2015-09-24,12
2015-09-25,11
2015-09-26,5
2015-09-27,4
2015-09-28,13
2015-09-29,15
2015-09-30,13
2015-10-01,11
2015-10-02,11
2015-10-03,4
2015-10-04,4
2015-10-05,10
2015-10-06,11
2015-10-07,11
2015-10-08,10
2015-10-09,11
2015-10-10,5
2015-10-11,6
2015-10-12,13
2015-10-13,10
2015-10-14,9
2015-10-15,9
2015-10-16,8
2015-10-17,4
2015-10-18,3
2015-10-19,9
2015-10-20,9
2015-10-21,9
2015-10-22,10
2015-10-23,10
2015-10-24,4
2015-10-25,3
2015-10-26,8
2015-10-27,10
2015-10-28,9
2015-10-29,9
2015-10-30,9
2015-10-31,4
2015-11-01,3
2015-11-02,8
2015-11-03,9
2015-11-04,9
2015-11-05,9
2015-11-06,9
2015-11-07,4
2015-11-08,3
2015-11-09,9
2015-11-10,10
2015-11-11,10
2015-11-12,9
2015-11-13,9
2015-11-14,4
2015-11-15,4
2015-11-16,10
2015-11-17,10
2015-11-18,9
2015-11-19,8
2015-11-20,9
2015-11-21,4
2015-11-22,3
2015-11-23,8
2015-11-24,8
2015-11-25,9
2015-11-26,4
2015-11-27,8
2015-11-28,3
2015-11-29,3
2015-11-30,6
2015-12-01,9
2015-12-02,9
2015-12-03,9
2015-12-04,9
2015-12-05,3
2015-12-06,3
2015-12-07,8
2015-12-08,8
2015-12-09,8
2015-12-10,9
2015-12-11,9
2015-12-12,4
2015-12-13,3
2015-12-14,9
2015-12-15,8
2015-12-16,9
2015-12-17,9
2015-12-18,10
2015-12-19,4
2015-12-20,3
2015-12-21,8
2015-12-22,8
2015-12-23,9
2015-12-24,12
2015-12-25,3
2015-12-26,3
2015-12-27,3
2015-12-28,7
2015-12-29,8
2015-12-30,10
2015-12-31,12
2016-01-01,8
2016-01-02,6
2016-01-03,5
2016-01-04,27
2016-01-05,27
2016-01-06,21
2016-01-07,43
2016-01-08,48
2016-01-09,14
2016-01-10,11
2016-01-11,30
2016-01-12,25
2016-01-13,28
2016-01-14,29
2016-01-15,46
2016-01-16,21
2016-01-17,15
2016-01-18,36
2016-01-19,34
2016-01-20,47
2016-01-21,37
2016-01-22,27
2016-01-23,11
2016-01-24,8
2016-01-25,23
2016-01-26,25
2016-01-27,23
2016-01-28,22
2016-01-29,20
2016-01-30,9
2016-01-31,8
2016-02-01,20
2016-02-02,20
2016-02-03,22
2016-02-04,21
2016-02-05,20
2016-02-06,10
2016-02-07,7
2016-02-08,22
2016-02-09,25
2016-02-10,22
2016-02-11,30
2016-02-12,26
2016-02-13,10
2016-02-14,8
2016-02-15,25
2016-02-16,21
2016-02-17,21
2016-02-18,20
2016-02-19,19
2016-02-20,8
2016-02-21,7
2016-02-22,18
2016-02-23,20
2016-02-24,17
2016-02-25,18
2016-02-26,17
2016-02-27,7
2016-02-28,7
2016-02-29,16
2016-03-01,17
2016-03-02,18
2016-03-03,17
2016-03-04,19
2016-03-05,7
2016-03-06,6
2016-03-07,17
2016-03-08,17
2016-03-09,17
2016-03-10,17
2016-03-11,16
2016-03-12,7
2016-03-13,5
2016-03-14,15
2016-03-15,16
2016-03-16,16
2016-03-17,16
2016-03-18,15
2016-03-19,6
2016-03-20,6
2016-03-21,15
2016-03-22,16
2016-03-23,16
2016-03-24,17
2016-03-25,23
2016-03-26,5
2016-03-27,5
2016-03-28,15
2016-03-29,13
2016-03-30,15
2016-03-31,15
2016-04-01,14
2016-04-02,7
2016-04-03,6
2016-04-04,15
2016-04-05,16
2016-04-06,15
2016-04-07,15
2016-04-08,13
2016-04-09,5
2016-04-10,6
2016-04-11,15
2016-04-12,16
2016-04-13,15
2016-04-14,16
2016-04-15,14
2016-04-16,6
2016-04-17,6
2016-04-18,15
2016-04-19,16
2016-04-20,16
2016-04-21,15
2016-04-22,13
2016-04-23,6
2016-04-24,6
2016-04-25,14
2016-04-26,14
2016-04-27,13
2016-04-28,15
2016-04-29,15
2016-04-30,6
2016-05-01,7
2016-05-02,13
2016-05-03,15
2016-05-04,14
2016-05-05,13
2016-05-06,13
2016-05-07,5
2016-05-08,5
2016-05-09,14
2016-05-10,14
2016-05-11,13
2016-05-12,14
2016-05-13,13
2016-05-14,5
2016-05-15,5
2016-05-16,13
2016-05-17,13
2016-05-18,13
2016-05-19,13
2016-05-20,12
2016-05-21,5
2016-05-22,5
2016-05-23,11
2016-05-24,13
2016-05-25,13
2016-05-26,12
2016-05-27,11
2016-05-28,5
2016-05-29,4
2016-05-30,7
2016-05-31,12
2016-06-01,11
2016-06-02,10
2016-06-03,11
2016-06-04,6
2016-06-05,4
2016-06-06,12
2016-06-07,11
2016-06-08,12
2016-06-09,11
2016-06-10,12
2016-06-11,5
2016-06-12,4
2016-06-13,12
2016-06-14,12
2016-06-15,11
2016-06-16,11
2016-06-17,11
2016-06-18,5
2016-06-19,4
2016-06-20,11
2016-06-21,12
2016-06-22,11
2016-06-23,13
2016-06-24,100
2016-06-25,26
2016-06-26,13
2016-06-27,46
2016-06-28,32
2016-06-29,21
2016-06-30,21
2016-07-01,7
2016-07-02,2
2016-07-03,2
2016-07-04,3
2016-07-05,6
2016-07-06,6
2016-07-07,5
2016-07-08,5
2016-07-09,2
2016-07-10,2
2016-07-11,6
2016-07-12,7
2016-07-13,6
2016-07-14,6
2016-07-15,6
2016-07-16,2
2016-07-17,2
2016-07-18,6
2016-07-19,5
2016-07-20,6
2016-07-21,5
2016-07-22,4
2016-07-23,2
2016-07-24,2
2016-07-25,5
2016-07-26,5
2016-07-27,5
2016-07-28,5
2016-07-29,4
2016-07-30,2
2016-07-31,2
2016-08-01,5
2016-08-02,5
2016-08-03,4
2016-08-04,5
2016-08-05,5
2016-08-06,2
2016-08-07,2
2016-08-08,5
2016-08-09,4
2016-08-10,4
2016-08-11,4
2016-08-12,4
2016-08-13,2
2016-08-14,1
2016-08-15,4
2016-08-16,5
2016-08-17,4
2016-08-18,4
2016-08-19,4
2016-08-20,1
2016-08-21,2
2016-08-22,4
2016-08-23,4
2016-08-24,4
2016-08-25,4
2016-08-26,5
2016-08-27,2
2016-08-28,2
2016-08-29,4
2016-08-30,4
2016-08-31,4
2016-09-01,4
2016-09-02,4
2016-09-03,2
2016-09-04,2
2016-09-05,3
2016-09-06,4
2016-09-07,4
2016-09-08,4
2016-09-09,7
2016-09-10,4
2016-09-11,3
2016-09-12,5
2016-09-13,6
2016-09-14,6
2016-09-15,5
2016-09-16,5
2016-09-17,2
2016-09-18,2
2016-09-19,5
2016-09-20,5
2016-09-21,5
2016-09-22,5
2016-09-23,5
2016-09-24,2
2016-09-25,2
2016-09-26,5
2016-09-27,6
2016-09-28,5
2016-09-29,6
2016-09-30,5
2016-10-01,2
2016-10-02,2
2016-10-03,5
2016-10-04,5
2016-10-05,5
2016-10-06,5
2016-10-07,5
2016-10-08,2
2016-10-09,3
2016-10-10,6
2016-10-11,5
2016-10-12,6
2016-10-13,6
2016-10-14,5
2016-10-15,2
2016-10-16,2
2016-10-17,5
2016-10-18,5
2016-10-19,5
2016-10-20,5
2016-10-21,5
2016-10-22,2
2016-10-23,2
2016-10-24,5
2016-10-25,5
2016-10-26,5
2016-10-27,5
2016-10-28,5
2016-10-29,2
2016-10-30,2
2016-10-31,5
2016-11-01,6
2016-11-02,6
2016-11-03,5
2016-11-04,5
2016-11-05,3
2016-11-06,2
2016-11-07,8
2016-11-08,8
2016-11-09,100
2016-11-10,26
2016-11-11,15
2016-11-12,5
2016-11-13,3
2016-11-14,8
2016-11-15,7
2016-11-16,7
2016-11-17,6
2016-11-18,6
2016-11-19,3
2016-11-20,3
2016-11-21,6
2016-11-22,7
2016-11-23,8
2016-11-24,5
2016-11-25,7
2016-11-26,3
2016-11-27,2
2016-11-28,6
2016-11-29,6
2016-11-30,6
2016-12-01,6
2016-12-02,5
2016-12-03,2
2016-12-04,3
2016-12-05,5
2016-12-06,6
2016-12-07,6
2016-12-08,7
2016-12-09,6
2016-12-10,3
2016-12-11,3
2016-12-12,6
2016-12-13,7
2016-12-14,7
2016-12-15,7
2016-12-16,6
2016-12-17,3
2016-12-18,2
2016-12-19,5
2016-12-20,6
2016-12-21,6
2016-12-22,6
2016-12-23,6
2016-12-24,3
2016-12-25,2
2016-12-26,10
2016-12-27,6
2016-12-28,5
2016-12-29,6
2016-12-30,6
2016-12-31,2
2017-01-01,28
2017-01-02,77
2017-01-03,58
2017-01-04,55
2017-01-05,50
2017-01-06,53
2017-01-07,25
2017-01-08,22
2017-01-09,46
2017-01-10,54
2017-01-11,54
2017-01-12,60
2017-01-13,57
2017-01-14,30
2017-01-15,26
2017-01-16,67
2017-01-17,54
2017-01-18,50
2017-01-19,54
2017-01-20,83
2017-01-21,35
2017-01-22,24
2017-01-23,63
2017-01-24,62
2017-01-25,88
2017-01-26,84
2017-01-27,64
2017-01-28,28
2017-01-29,28
2017-01-30,85
2017-01-31,92
2017-02-01,68
2017-02-02,60
2017-02-03,65
2017-02-04,33
2017-02-05,24
2017-02-06,57
2017-02-07,62
2017-02-08,58
2017-02-09,62
2017-02-10,62
2017-02-11,29
2017-02-12,24
2017-02-13,60
2017-02-14,64
2017-02-15,69
2017-02-16,76
2017-02-17,71
2017-02-18,33
2017-02-19,31
2017-02-20,78
2017-02-21,62
2017-02-22,63
2017-02-23,63
2017-02-24,63
2017-02-25,27
2017-02-26,27
2017-02-27,57
2017-02-28,69
2017-03-01,99
2017-03-02,100
2017-03-03,77
2017-03-04,28
2017-03-05,31
2017-03-06,69
2017-03-07,60
2017-03-08,62
2017-03-09,67
2017-03-10,63
2017-03-11,28
2017-03-12,22
2017-03-13,56
2017-03-14,57
2017-03-15,60
2017-03-16,53
2017-03-17,51
2017-03-18,22
2017-03-19,22
2017-03-20,55
2017-03-21,69
2017-03-22,83
2017-03-23,66
2017-03-24,61
2017-03-25,25
2017-03-26,24
2017-03-27,72
2017-03-28,64
2017-03-29,59
2017-03-30,56
2017-03-31,54
2017-04-01,23
2017-04-02,20
2017-04-03,55
2017-04-04,58
2017-04-05,57
2017-04-06,61
2017-04-07,67
2017-04-08,22
2017-04-09,21
2017-04-10,57
2017-04-11,60
2017-04-12,59
2017-04-13,73
2017-04-14,95
2017-04-15,24
2017-04-16,26
2017-04-17,56
2017-04-18,54
2017-04-19,49
2017-04-20,55
2017-04-21,55
2017-04-22,23
2017-04-23,20
2017-04-24,62
2017-04-25,70
2017-04-26,70
2017-04-27,56
2017-04-28,51
2017-04-29,25
2017-04-30,23
2017-05-01,59
2017-05-02,55
2017-05-03,54
2017-05-04,55
2017-05-05,50
2017-05-06,24
2017-05-07,26
2017-05-08,58
2017-05-09,52
2017-05-10,54
2017-05-11,56
2017-05-12,46
2017-05-13,17
2017-05-14,19
2017-05-15,51
2017-05-16,54
2017-05-17,98
2017-05-18,90
2017-05-19,59
2017-05-20,24
2017-05-21,19
2017-05-22,55
2017-05-23,50
2017-05-24,49
2017-05-25,54
2017-05-26,50
2017-05-27,22
2017-05-28,18
2017-05-29,27
2017-05-30,47
2017-05-31,46
2017-06-01,46
2017-06-02,57
2017-06-03,26
2017-06-04,20
2017-06-05,46
2017-06-06,48
2017-06-07,48
2017-06-08,51
2017-06-09,63
2017-06-10,25
2017-06-11,24
2017-06-12,50
2017-06-13,44
2017-06-14,47
2017-06-15,47
2017-06-16,54
2017-06-17,19
2017-06-18,19
2017-06-19,45
2017-06-20,53
2017-06-21,46
2017-06-22,49
2017-06-23,44
2017-06-24,22
2017-06-25,23
2017-06-26,48
2017-06-27,56
2017-06-28,54
2017-06-29,62
2017-06-30,52
2017-07-01,26
2017-07-02,23
2017-07-03,84
2017-07-04,32
2017-07-05,48
2017-07-06,48
2017-07-07,50
2017-07-08,23
2017-07-09,19
2017-07-10,46
2017-07-11,44
2017-07-12,46
2017-07-13,47
2017-07-14,48
2017-07-15,24
2017-07-16,21
2017-07-17,47
2017-07-18,50
2017-07-19,50
2017-07-20,51
2017-07-21,46
2017-07-22,22
2017-07-23,18
2017-07-24,46
2017-07-25,52
2017-07-26,52
2017-07-27,62
2017-07-28,51
2017-07-29,28
2017-07-30,21
2017-07-31,57
2017-08-01,57
2017-08-02,71
2017-08-03,63
2017-08-04,56
2017-08-05,23
2017-08-06,24
2017-08-07,53
2017-08-08,56
2017-08-09,63
2017-08-10,77
2017-08-11,76
2017-08-12,28
2017-08-13,21
2017-08-14,52
2017-08-15,52
2017-08-16,55
2017-08-17,65
2017-08-18,72
2017-08-19,29
2017-08-20,23
2017-08-21,49
2017-08-22,55
2017-08-23,55
2017-08-24,52
2017-08-25,48
2017-08-26,23
2017-08-27,17
2017-08-28,46
2017-08-29,52
2017-08-30,48
2017-08-31,51
2017-09-01,47
2017-09-02,22
2017-09-03,24
2017-09-04,34
2017-09-05,59
2017-09-06,54
2017-09-07,47
2017-09-08,45
2017-09-09,20
2017-09-10,16
2017-09-11,53
2017-09-12,54
2017-09-13,54
2017-09-14,48
2017-09-15,50
2017-09-16,23
2017-09-17,17
2017-09-18,49
2017-09-19,52
2017-09-20,57
2017-09-21,57
2017-09-22,47
2017-09-23,22
2017-09-24,23
2017-09-25,58
2017-09-26,51
2017-09-27,52
2017-09-28,48
2017-09-29,50
2017-09-30,25
2017-10-01,22
2017-10-02,52
2017-10-03,60
2017-10-04,57
2017-10-05,63
2017-10-06,62
2017-10-07,26
2017-10-08,35
2017-10-09,80
2017-10-10,60
2017-10-11,57
2017-10-12,62
2017-10-13,60
2017-10-14,25
2017-10-15,24
2017-10-16,58
2017-10-17,62
2017-10-18,69
2017-10-19,74
2017-10-20,62
2017-10-21,31
2017-10-22,25
2017-10-23,62
2017-10-24,70
2017-10-25,69
2017-10-26,70
2017-10-27,60
2017-10-28,29
2017-10-29,26
2017-10-30,63
2017-10-31,65
2017-11-01,61
2017-11-02,65
2017-11-03,62
2017-11-04,28
2017-11-05,27
2017-11-06,61
2017-11-07,64
2017-11-08,61
2017-11-09,81
2017-11-10,71
2017-11-11,26
2017-11-12,30
2017-11-13,62
2017-11-14,65
2017-11-15,70
2017-11-16,74
2017-11-17,65
2017-11-18,27
2017-11-19,23
2017-11-20,60
2017-11-21,67
2017-11-22,74
2017-11-23,41
2017-11-24,81
2017-11-25,27
2017-11-26,28
2017-11-27,60
2017-11-28,68
2017-11-29,87
2017-11-30,88
2017-12-01,100
2017-12-02,46
2017-12-03,38
2017-12-04,91
2017-12-05,78
2017-12-06,74
2017-12-07,82
2017-12-08,69
2017-12-09,35
2017-12-10,29
2017-12-11,65
2017-12-12,73
2017-12-13,69
2017-12-14,65
2017-12-15,65
2017-12-16,37
2017-12-17,31
2017-12-18,70
2017-12-19,81
2017-12-20,84
2017-12-21,84
2017-12-22,86
2017-12-23,37
2017-12-24,27
2017-12-25,30
2017-12-26,71
2017-12-27,63
2017-12-28,65
2017-12-29,72
2017-12-30,41
2017-12-31,30
2018-01-01,5
2018-01-02,9
2018-01-03,10
2018-01-04,11
2018-01-05,12
2018-01-06,7
2018-01-07,5
2018-01-08,10
2018-01-09,11
2018-01-10,12
2018-01-11,11
2018-01-12,12
2018-01-13,7
2018-01-14,6
2018-01-15,15
2018-01-16,13
2018-01-17,14
2018-01-18,13
2018-01-19,11
2018-01-20,7
2018-01-21,5
2018-01-22,12
2018-01-23,12
2018-01-24,12
2018-01-25,11
2018-01-26,12
2018-01-27,7
2018-01-28,5
2018-01-29,12
2018-01-30,20
2018-01-31,19
2018-02-01,14
2018-02-02,27
2018-02-03,18
2018-02-04,9
2018-02-05,61
2018-02-06,100
2018-02-07,40
2018-02-08,42
2018-02-09,50
2018-02-10,14
2018-02-11,9
2018-02-12,22
2018-02-13,21
2018-02-14,19
2018-02-15,16
2018-02-16,16
2018-02-17,6
2018-02-18,6
2018-02-19,15
2018-02-20,14
2018-02-21,14
2018-02-22,13
2018-02-23,11
2018-02-24,5
2018-02-25,4
2018-02-26,12
2018-02-27,13
2018-02-28,13
2018-03-01,17
2018-03-02,18
2018-03-03,6
2018-03-04,5
2018-03-05,13
2018-03-06,13
2018-03-07,16
2018-03-08,14
2018-03-09,14
2018-03-10,5
2018-03-11,4
2018-03-12,11
2018-03-13,11
2018-03-14,10
2018-03-15,11
2018-03-16,9
2018-03-17,4
2018-03-18,4
2018-03-19,13
2018-03-20,13
2018-03-21,10
2018-03-22,19
2018-03-23,23
2018-03-24,9
2018-03-25,6
2018-03-26,17
2018-03-27,17
2018-03-28,16
2018-03-29,16
2018-03-30,20
2018-03-31,4
2018-04-01,4
2018-04-02,20
2018-04-03,18
2018-04-04,19
2018-04-05,14
2018-04-06,19
2018-04-07,6
2018-04-08,5
2018-04-09,15
2018-04-10,15
2018-04-11,13
2018-04-12,12
2018-04-13,11
2018-04-14,5
2018-04-15,4
2018-04-16,12
2018-04-17,11
2018-04-18,11
2018-04-19,11
2018-04-20,10
2018-04-21,3
2018-04-22,3
2018-04-23,10
2018-04-24,14
2018-04-25,13
2018-04-26,11
2018-04-27,10
2018-04-28,4
2018-04-29,4
2018-04-30,10
2018-05-01,11
2018-05-02,10
2018-05-03,11
2018-05-04,10
2018-05-05,4
2018-05-06,4
2018-05-07,9
2018-05-08,11
2018-05-09,11
2018-05-10,10
2018-05-11,10
2018-05-12,4
2018-05-13,3
2018-05-14,9
2018-05-15,9
2018-05-16,9
2018-05-17,9
2018-05-18,8
2018-05-19,3
2018-05-20,3
2018-05-21,9
2018-05-22,9
2018-05-23,9
2018-05-24,9
2018-05-25,8
2018-05-26,3
2018-05-27,3
2018-05-28,4
2018-05-29,9
2018-05-30,10
2018-05-31,10
2018-06-01,10
2018-06-02,4
2018-06-03,4
2018-06-04,8
2018-06-05,9
2018-06-06,9
2018-06-07,9
2018-06-08,8
2018-06-09,4
2018-06-10,3
2018-06-11,9
2018-06-12,9
2018-06-13,9
2018-06-14,8
2018-06-15,9
2018-06-16,3
2018-06-17,2
2018-06-18,8
2018-06-19,12
2018-06-20,10
2018-06-21,9
2018-06-22,10
2018-06-23,3
2018-06-24,3
2018-06-25,15
2018-06-26,12
2018-06-27,11
2018-06-28,10
2018-06-29,9
2018-06-30,4
2018-07-01,7
2018-07-02,22
2018-07-03,28
2018-07-04,11
2018-07-05,19
2018-07-06,24
2018-07-07,9
2018-07-08,8
2018-07-09,20
2018-07-10,21
2018-07-11,23
2018-07-12,22
2018-07-13,20
2018-07-14,7
2018-07-15,7
2018-07-16,20
2018-07-17,20
2018-07-18,18
2018-07-19,19
2018-07-20,18
2018-07-21,8
2018-07-22,5
2018-07-23,19
2018-07-24,19
2018-07-25,21
2018-07-26,28
2018-07-27,27
2018-07-28,9
2018-07-29,8
2018-07-30,24
2018-07-31,23
2018-08-01,20
2018-08-02,22
2018-08-03,20
2018-08-04,10
2018-08-05,7
2018-08-06,20
2018-08-07,21
2018-08-08,19
2018-08-09,17
2018-08-10,20
2018-08-11,9
2018-08-12,7
2018-08-13,19
2018-08-14,18
2018-08-15,25
2018-08-16,23
2018-08-17,20
2018-08-18,8
2018-08-19,7
2018-08-20,19
2018-08-21,20
2018-08-22,21
2018-08-23,23
2018-08-24,21
2018-08-25,8
2018-08-26,8
2018-08-27,24
2018-08-28,24
2018-08-29,23
2018-08-30,24
2018-08-31,22
2018-09-01,8
2018-09-02,8
2018-09-03,11
2018-09-04,24
2018-09-05,26
2018-09-06,22
2018-09-07,21
2018-09-08,9
2018-09-09,8
2018-09-10,20
2018-09-11,20
2018-09-12,20
2018-09-13,21
2018-09-14,20
2018-09-15,9
2018-09-16,7
2018-09-17,23
2018-09-18,22
2018-09-19,23
2018-09-20,25
2018-09-21,24
2018-09-22,10
2018-09-23,8
2018-09-24,22
2018-09-25,21
2018-09-26,22
2018-09-27,19
2018-09-28,21
2018-09-29,8
2018-09-30,8
2018-10-01,23
2018-10-02,23
2018-10-03,23
2018-10-04,30
2018-10-05,30
2018-10-06,12
2018-10-07,12
2018-10-08,34
2018-10-09,24
2018-10-10,59
2018-10-11,99
2018-10-12,69
2018-10-13,22
2018-10-14,13
2018-10-15,38
2018-10-16,36
2018-10-17,31
2018-10-18,34
2018-10-19,31
2018-10-20,10
2018-10-21,10
2018-10-22,28
2018-10-23,42
2018-10-24,51
2018-10-25,55
2018-10-26,47
2018-10-27,16
2018-10-28,14
2018-10-29,41
2018-10-30,44
2018-10-31,36
2018-11-01,35
2018-11-02,32
2018-11-03,11
2018-11-04,10
2018-11-05,28
2018-11-06,26
2018-11-07,33
2018-11-08,30
2018-11-09,28
2018-11-10,11
2018-11-11,12
2018-11-12,44
2018-11-13,33
2018-11-14,31
2018-11-15,29
2018-11-16,25
2018-11-17,10
2018-11-18,8
2018-11-19,32
2018-11-20,49
2018-11-21,49
2018-11-22,19
2018-11-23,31
2018-11-24,12
2018-11-25,9
2018-11-26,30
2018-11-27,29
2018-11-28,30
2018-11-29,32
2018-11-30,31
2018-12-01,13
2018-12-02,16
2018-12-03,36
2018-12-04,47
2018-12-05,64
2018-12-06,59
2018-12-07,49
2018-12-08,20
2018-12-09,13
2018-12-10,44
2018-12-11,37
2018-12-12,33
2018-12-13,30
2018-12-14,34
2018-12-15,15
2018-12-16,11
2018-12-17,40
2018-12-18,53
2018-12-19,50
2018-12-20,63
2018-12-21,76
2018-12-22,38
2018-12-23,25
2018-12-24,100
2018-12-25,45
2018-12-26,89
2018-12-27,87
2018-12-28,61
2018-12-29,22
2018-12-30,17
2018-12-31,54
2019-01-01,43
2019-01-02,78
2019-01-03,93
2019-01-04,100
2019-01-05,33
2019-01-06,22
2019-01-07,64
2019-01-08,63
2019-01-09,69
2019-01-10,65
2019-01-11,59
2019-01-12,22
2019-01-13,17
2019-01-14,56
2019-01-15,58
2019-01-16,54
2019-01-17,53
2019-01-18,59
2019-01-19,24
2019-01-20,25
2019-01-21,69
2019-01-22,57
2019-01-23,54
2019-01-24,50
2019-01-25,48
2019-01-26,21
2019-01-27,17
2019-01-28,48
2019-01-29,53
2019-01-30,50
2019-01-31,53
2019-02-01,50
2019-02-02,19
2019-02-03,15
2019-02-04,43
2019-02-05,47
2019-02-06,50
2019-02-07,50
2019-02-08,47
2019-02-09,15
2019-02-10,16
2019-02-11,43
2019-02-12,49
2019-02-13,49
2019-02-14,47
2019-02-15,56
2019-02-16,21
2019-02-17,21
2019-02-18,62
2019-02-19,50
2019-02-20,43
2019-02-21,48
2019-02-22,46
2019-02-23,19
2019-02-24,14
2019-02-25,49
2019-02-26,48
2019-02-27,45
2019-02-28,44
2019-03-01,42
2019-03-02,16
2019-03-03,14
2019-03-04,49
2019-03-05,44
2019-03-06,50
2019-03-07,50
2019-03-08,50
2019-03-09,15
2019-03-10,14
2019-03-11,47
2019-03-12,42
2019-03-13,39
2019-03-14,43
2019-03-15,42
2019-03-16,16
2019-03-17,13
2019-03-18,43
2019-03-19,44
2019-03-20,44
2019-03-21,41
2019-03-22,59
2019-03-23,23
2019-03-24,18
2019-03-25,50
2019-03-26,47
2019-03-27,43
2019-03-28,42
2019-03-29,43
2019-03-30,16
2019-03-31,14
2019-04-01,45
2019-04-02,43
2019-04-03,45
2019-04-04,45
2019-04-05,39
2019-04-06,16
2019-04-07,17
2019-04-08,41
2019-04-09,43
2019-04-10,42
2019-04-11,40
2019-04-12,41
2019-04-13,14
2019-04-14,14
2019-04-15,42
2019-04-16,41
2019-04-17,46
2019-04-18,53
2019-04-19,76
2019-04-20,16
2019-04-21,14
2019-04-22,42
2019-04-23,47
2019-04-24,45
2019-04-25,43
2019-04-26,39
2019-04-27,13
2019-04-28,13
2019-04-29,43
2019-04-30,40
2019-05-01,39
2019-05-02,42
2019-05-03,41
2019-05-04,17
2019-05-05,17
2019-05-06,63
2019-05-07,68
2019-05-08,57
2019-05-09,54
2019-05-10,69
2019-05-11,19
2019-05-12,15
2019-05-13,94
2019-05-14,89
2019-05-15,59
2019-05-16,54
2019-05-17,51
2019-05-18,15
2019-05-19,14
2019-05-20,47
2019-05-21,42
2019-05-22,40
2019-05-23,55
2019-05-24,47
2019-05-25,15
2019-05-26,13
2019-05-27,20
2019-05-28,38
2019-05-29,49
2019-05-30,43
2019-05-31,55
2019-06-01,22
2019-06-02,18
2019-06-03,50
2019-06-04,48
2019-06-05,49
2019-06-06,41
2019-06-07,47
2019-06-08,19
2019-06-09,13
2019-06-10,46
2019-06-11,43
2019-06-12,39
2019-06-13,39
2019-06-14,35
2019-06-15,15
2019-06-16,15
2019-06-17,32
2019-06-18,43
2019-06-19,43
2019-06-20,47
2019-06-21,41
2019-06-22,15
2019-06-23,12
2019-06-24,38
2019-06-25,41
2019-06-26,38
2019-06-27,38
2019-06-28,37
2019-06-29,16
2019-06-30,15
2019-07-01,30
2019-07-02,28
2019-07-03,42
2019-07-04,16
2019-07-05,31
2019-07-06,9
2019-07-07,9
2019-07-08,25
2019-07-09,26
2019-07-10,27
2019-07-11,27
2019-07-12,28
2019-07-13,12
2019-07-14,9
2019-07-15,26
2019-07-16,26
2019-07-17,24
2019-07-18,24
2019-07-19,24
2019-07-20,10
2019-07-21,8
2019-07-22,22
2019-07-23,24
2019-07-24,24
2019-07-25,23
2019-07-26,24
2019-07-27,9
2019-07-28,9
2019-07-29,24
2019-07-30,25
2019-07-31,32
2019-08-01,37
2019-08-02,34
2019-08-03,12
2019-08-04,9
2019-08-05,74
2019-08-06,74
2019-08-07,53
2019-08-08,40
2019-08-09,32
2019-08-10,12
2019-08-11,10
2019-08-12,36
2019-08-13,42
2019-08-14,81
2019-08-15,100
2019-08-16,58
2019-08-17,20
2019-08-18,14
2019-08-19,39
2019-08-20,36
2019-08-21,35
2019-08-22,33
2019-08-23,55
2019-08-24,22
2019-08-25,16
2019-08-26,50
2019-08-27,44
2019-08-28,37
2019-08-29,35
2019-08-30,34
2019-08-31,11
2019-09-01,11
2019-09-02,17
2019-09-03,35
2019-09-04,30
2019-09-05,32
2019-09-06,28
2019-09-07,10
2019-09-08,9
2019-09-09,29
2019-09-10,29
2019-09-11,30
2019-09-12,29
2019-09-13,28
2019-09-14,10
2019-09-15,10
2019-09-16,30
2019-09-17,29
2019-09-18,29
2019-09-19,26
2019-09-20,27
2019-09-21,10
2019-09-22,8
2019-09-23,27
2019-09-24,32
2019-09-25,33
2019-09-26,28
2019-09-27,29
2019-09-28,10
2019-09-29,9
2019-09-30,27
2019-10-01,31
2019-10-02,43
2019-10-03,39
2019-10-04,33
2019-10-05,11
2019-10-06,9
2019-10-07,28
2019-10-08,31
2019-10-09,32
2019-10-10,29
2019-10-11,32
2019-10-12,13
2019-10-13,15
2019-10-14,39
2019-10-15,30
2019-10-16,29
2019-10-17,28
2019-10-18,25
2019-10-19,9
2019-10-20,8
2019-10-21,28
2019-10-22,26
2019-10-23,27
2019-10-24,25
2019-10-25,28
2019-10-26,9
2019-10-27,8
2019-10-28,28
2019-10-29,28
2019-10-30,28
2019-10-31,29
2019-11-01,31
2019-11-02,12
2019-11-03,10
2019-11-04,32
2019-11-05,31
2019-11-06,30
2019-11-07,33
2019-11-08,32
2019-11-09,14
2019-11-10,17
2019-11-11,44
2019-11-12,28
2019-11-13,29
2019-11-14,28
2019-11-15,29
2019-11-16,12
2019-11-17,10
2019-11-18,29
2019-11-19,28
2019-11-20,30
2019-11-21,29
2019-11-22,26
2019-11-23,10
2019-11-24,10
2019-11-25,28
2019-11-26,30
2019-11-27,36
2019-11-28,19
2019-11-29,34
2019-11-30,10
2019-12-01,10
2019-12-02,25
2019-12-03,33
2019-12-04,30
2019-12-05,29
2019-12-06,31
2019-12-07,12
2019-12-08,10
2019-12-09,26
2019-12-10,27
2019-12-11,26
2019-12-12,28
2019-12-13,31
2019-12-14,11
2019-12-15,10
2019-12-16,30
2019-12-17,31
2019-12-18,28
2019-12-19,37
2019-12-20,31
2019-12-21,13
2019-12-22,10
2019-12-23,34
2019-12-24,44
2019-12-25,15
2019-12-26,34
2019-12-27,30
2019-12-28,14
2019-12-29,11
2019-12-30,36
2019-12-31,50
2020-01-01,5
2020-01-02,9
2020-01-03,11
2020-01-04,5
2020-01-05,4
2020-01-06,9
2020-01-07,10
2020-01-08,12
2020-01-09,10
2020-01-10,9
2020-01-11,4
2020-01-12,3
2020-01-13,8
2020-01-14,8
2020-01-15,9
2020-01-16,9
2020-01-17,10
2020-01-18,4
2020-01-19,4
2020-01-20,13
2020-01-21,9
2020-01-22,9
2020-01-23,9
2020-01-24,9
2020-01-25,4
2020-01-26,4
2020-01-27,12
2020-01-28,12
2020-01-29,10
2020-01-30,11
2020-01-31,13
2020-02-01,6
2020-02-02,5
2020-02-03,13
2020-02-04,13
2020-02-05,13
2020-02-06,12
2020-02-07,11
2020-02-08,4
2020-02-09,4
2020-02-10,10
2020-02-11,10
2020-02-12,10
2020-02-13,10
2020-02-14,10
2020-02-15,4
2020-02-16,5
2020-02-17,14
2020-02-18,10
2020-02-19,10
2020-02-20,11
2020-02-21,11
2020-02-22,4
2020-02-23,4
2020-02-24,28
2020-02-25,37
2020-02-26,36
2020-02-27,46
2020-02-28,68
2020-02-29,21
2020-03-01,14
2020-03-02,45
2020-03-03,38
2020-03-04,30
2020-03-05,28
2020-03-06,29
2020-03-07,11
2020-03-08,9
2020-03-09,95
2020-03-10,69
2020-03-11,52
2020-03-12,100
2020-03-13,92
2020-03-14,29
2020-03-15,23
2020-03-16,88
2020-03-17,67
2020-03-18,64
2020-03-19,56
2020-03-20,47
2020-03-21,21
2020-03-22,18
2020-03-23,47
2020-03-24,47
2020-03-25,48
2020-03-26,42
2020-03-27,37
2020-03-28,14
2020-03-29,13
2020-03-30,31
2020-03-31,27
2020-04-01,25
2020-04-02,25
2020-04-03,22
2020-04-04,10
2020-04-05,9
2020-04-06,25
2020-04-07,28
2020-04-08,25
2020-04-09,31
2020-04-10,39
2020-04-11,10
2020-04-12,10
2020-04-13,24
2020-04-14,23
2020-04-15,21
2020-04-16,21
2020-04-17,22
2020-04-18,10
2020-04-19,9
2020-04-20,24
2020-04-21,22
2020-04-22,20
2020-04-23,19
2020-04-24,17
2020-04-25,8
2020-04-26,7
2020-04-27,18
2020-04-28,18
2020-04-29,20
2020-04-30,20
2020-05-01,18
2020-05-02,8
2020-05-03,8
2020-05-04,18
2020-05-05,16
2020-05-06,16
2020-05-07,16
2020-05-08,16
2020-05-09,7
2020-05-10,6
2020-05-11,16
2020-05-12,16
2020-05-13,17
2020-05-14,16
2020-05-15,15
2020-05-16,6
2020-05-17,6
2020-05-18,17
2020-05-19,17
2020-05-20,15
2020-05-21,16
2020-05-22,15
2020-05-23,6
2020-05-24,6
2020-05-25,10
2020-05-26,16
2020-05-27,17
2020-05-28,15
2020-05-29,14
2020-05-30,6
2020-05-31,6
2020-06-01,14
2020-06-02,13
2020-06-03,15
2020-06-04,16
2020-06-05,21
2020-06-06,10
2020-06-07,8
2020-06-08,21
2020-06-09,23
2020-06-10,19
2020-06-11,30
2020-06-12,26
2020-06-13,8
2020-06-14,7
2020-06-15,19
