1,0,0,0.143,0.0,0.0,-0.083,0.0,0.05,0.0,0.114,-0.026,0.026,-0.038
1,1,1,-0.077,-0.214,0.0,0.0,-0.25,-0.135,0.0,-0.029,-0.219,-0.05,-0.1
0,2,1,-0.087,-0.207,0.0,-0.263,0.0,0.05,0.0,0.179,-0.321,0.0,0.1
0,3,0,-0.037,-0.033,-1.0,0.094,0.0,0.07,-0.125,0.167,-0.267,0.025,-0.182
1,4,0,0.0,0.0,-1.0,0.176,0.0,0.14,0.0,0.15,-0.185,-0.053,0.2
0,5,1,0.08,0.0,0.0,0.224,-0.25,0.048,0.0,-0.083,0.0,0.026,0.231
0,6,0,-0.227,-0.034,0.5,0.07,-0.25,0.023,0.2,-0.167,0.211,0.07,0.154
1,7,0,-0.238,-0.217,0.5,-0.133,0.0,-0.075,-0.125,0.0,0.129,0.05,-0.087
1,8,1,-0.042,-0.074,-1.0,0.058,-0.333,0.023,-0.286,0.234,0.462,-0.147,0.071
0,9,1,0.083,-0.036,0.0,-0.075,0.2,0.0,-0.111,0.2,0.537,-0.103,0.188
1,10,0,0.087,0.115,0.0,0.1,0.0,-0.053,0.111,0.13,-0.033,-0.026,0.042
1,11,1,0.04,-0.227,0.0,-0.156,0.25,-0.075,-0.167,-0.068,-1.0,0.171,-1.0
0,12,1,0.04,-0.077,0.0,0.054,-0.25,-0.023,0.0,0.022,-2.565,0.0,-0.185
0,13,0,0.115,0.0,-1.0,0.057,0.0,0.116,-0.125,-0.022,-0.111,0.025,0.077
0,14,0,0.038,0.214,0.0,0.25,0.0,0.0,0.25,0.064,-0.13,-0.108,0.5
0,15,0,-0.042,-0.182,-1.0,-0.098,-0.333,-0.049,-0.286,-0.022,0.08,-0.083,-0.174
1,16,0,-0.182,-0.3,0.0,0.036,0.0,-0.075,0.0,0.043,-0.08,-0.111,-0.625
1,17,1,-0.182,-0.474,0.0,-0.154,0.0,-0.053,-0.143,-0.175,0.0,-0.028,-0.556
1,18,1,-0.043,0.043,0.0,0.056,0.25,-0.079,-0.167,-0.216,-0.136,0.0,0.042
1,19,1,0.154,0.167,0.0,0.083,0.0,0.0,-0.143,-0.469,0.107,0.0,0.238
0,20,1,-0.1,0.136,0.0,0.0,0.0,0.0,-0.167,-0.379,0.042,0.027,0.053
0,21,0,-0.045,0.0,0.0,-0.125,-0.333,-0.027,0.0,-0.321,0.241,0.163,-0.043
0,22,0,-0.083,-0.263,0.0,-0.224,0.0,0.0,-0.167,-0.28,-0.217,0.077,0.16
0,23,0,0.091,-0.048,0.0,-0.02,0.0,0.116,0.0,-0.318,-0.412,0.075,0.296
0,24,0,0.083,-0.095,0.0,0.094,0.25,0.026,-0.2,-0.167,-0.074,-0.162,0.08
1,25,0,0.0,0.095,0.0,0.125,0.0,0.0,0.0,0.0,0.115,-0.026,-0.087
0,26,1,0.154,-0.05,0.0,0.019,0.0,-0.162,0.0,0.241,0.414,-0.026,-0.174
1,27,0,-0.043,0.087,0.0,-0.039,0.0,0.0,0.286,0.04,-0.174,0.051,-0.136
1,28,1,0.04,0.0,0.0,-0.037,0.0,0.0,-0.2,-0.19,-0.13,0.0,-0.15
1,29,1,-0.182,0.13,0.0,-0.268,-0.333,0.026,0.0,-0.115,0.033,-0.054,-0.095
1,30,1,-0.045,-0.15,0.0,-0.109,0.0,-0.027,-0.4,0.107,0.042,-0.083,-0.1
1,31,1,-0.19,-0.05,0.0,-0.059,0.2,-0.212,0.0,0.222,-0.533,-0.027,-0.25
0,32,1,0.154,-0.15,0.0,0.089,0.25,0.026,-0.2,0.133,-0.5,-0.028,0.125
0,33,0,0.0,0.13,0.0,0.061,0.0,0.051,0.167,0.2,-0.143,0.053,0.0
1,34,0,0.192,0.13,0.0,0.0,-0.25,0.175,0.286,0.25,0.318,0.075,0.273
0,35,1,0.037,0.091,0.0,0.1,0.0,0.0,0.375,0.118,0.091,0.122,-0.143
0,36,0,0.083,0.115,0.0,0.14,0.0,0.025,0.25,0.103,0.25,0.0,-0.111
0,37,0,0.037,0.0,0.0,0.203,0.0,-0.081,0.0,-0.029,0.12,-0.111,-0.048
1,38,0,0.0,0.0,0.0,0.194,0.0,0.049,0.0,-0.063,0.083,-0.051,0.192
1,39,1,0.0,-0.04,0.0,0.123,0.0,-0.026,0.111,-0.054,-0.333,0.026,0.357
1,40,1,0.036,0.0,0.0,-0.067,0.0,0.0,0.3,0.0,0.074,0.0,0.087
0,41,1,-0.174,0.154,0.0,-0.319,0.0,-0.051,0.0,0.135,0.111,-0.083,-0.13
1,42,0,0.2,0.074,0.0,-0.3,0.0,0.025,-0.125,0.159,0.192,0.0,-0.167
1,43,1,-0.037,0.115,0.0,-0.25,-0.333,0.026,-0.111,0.028,-0.227,0.0,0.042
0,44,1,0.179,0.133,0.0,-0.022,0.0,0.093,0.111,0.119,0.182,0.053,0.233
1,45,0,-0.304,0.129,0.0,-0.163,0.0,0.0,0.111,-0.023,0.071,0.0,0.077
1,46,1,-0.286,0.103,0.0,-0.143,0.25,0.026,-0.125,0.143,0.29,0.077,-0.2
0,47,1,-0.474,-0.034,0.0,0.042,-0.333,-0.132,-0.125,-0.826,-0.375,-0.086,-0.5
0,48,0,-0.438,-0.069,0.0,-0.265,0.0,0.024,0.0,-1.15,0.0,-0.083,0.235
0,49,0,0.16,0.0,0.0,-0.05,0.2,0.093,0.111,-0.448,-0.148,-0.054,0.259
0,50,0,0.174,0.0,0.0,-0.143,0.4,0.116,0.0,0.281,0.0,0.146,0.286
1,51,0,0.36,-0.115,0.0,0.15,0.0,0.024,-0.125,0.286,-0.077,0.027,-0.478
1,52,1,0.038,-0.074,0.0,0.13,-0.25,-0.049,-0.125,0.171,0.0,0.159,-0.174
1,53,1,0.0,0.0,0.0,0.143,-0.25,-0.024,0.0,0.03,0.077,0.0,0.125
0,54,1,-0.042,0.071,0.0,0.167,0.0,0.045,0.0,0.176,0.0,0.075,0.148
1,55,0,-0.04,0.1,0.0,0.08,0.0,0.0,0.0,-0.029,0.036,-0.128,0.179
1,56,1,-0.045,-0.16,0.0,-0.114,0.0,-0.05,0.111,-0.1,0.0,0.0,-0.143
0,57,1,0.04,0.067,0.0,0.0,0.0,-0.023,0.2,-0.172,0.0,0.07,0.1
0,58,0,0.038,-0.111,0.0,0.0,-0.333,0.0,0.111,0.105,-0.037,-0.026,-0.167
0,59,0,0.083,0.038,0.0,-0.023,0.0,0.0,-0.125,0.167,0.103,0.024,-0.167
0,60,0,-0.042,-0.304,0.0,-0.043,-0.333,-0.075,-0.25,0.094,0.5,-0.049,-0.111
1,61,0,-0.238,-0.125,0.0,-0.064,0.0,0.0,-0.286,-0.118,0.69,0.0,-0.091
0,62,1,-0.143,-0.182,0.0,0.044,0.0,0.024,0.0,0.1,0.42,-0.167,0.077
1,63,0,-0.043,0.0,0.0,-0.095,0.25,0.07,0.0,0.273,-1.167,0.0,-0.08
1,64,1,0.192,-0.091,0.5,0.078,0.25,0.047,0.222,0.244,-2.107,0.05,0.043
1,65,1,0.125,0.154,0.0,0.082,0.0,0.024,-0.143,0.149,-0.724,0.077,0.037
0,66,1,0.042,-0.15,0.0,0.192,0.0,0.0,-0.143,0.154,0.0,-0.108,-0.042
1,67,0,-0.182,0.0,-1.0,-0.133,0.0,-0.049,-0.286,-0.023,-0.167,0.024,-0.095
1,68,1,-0.043,-0.182,0.0,-0.114,0.0,-0.05,0.0,-0.237,-0.381,0.0,-0.227
0,69,1,-0.143,0.0,0.0,-0.209,-0.333,-0.024,-0.167,-0.405,-0.043,0.026,-0.043
1,70,0,-0.1,-0.048,0.0,0.0,0.0,0.024,-0.4,-0.375,-0.091,-0.171,0.192
1,71,1,-0.15,-0.158,0.0,0.064,-0.333,0.0,-0.167,-0.226,-0.05,0.049,0.214
0,72,1,0.16,0.0,0.0,0.14,0.0,-0.077,0.0,-0.233,-0.045,0.136,0.042
1,73,0,0.048,0.045,0.0,0.135,0.0,0.0,0.167,-0.391,0.12,0.125,-0.04
1,74,1,0.13,0.136,0.0,0.06,0.25,0.0,0.0,-0.409,0.0,-0.025,-0.333
1,75,1,-0.25,0.13,0.0,0.091,0.25,0.071,-0.2,-0.429,-0.222,-0.073,-0.091
1,76,1,0.0,0.043,0.0,0.055,0.0,0.023,0.0,0.08,-0.087,0.091,0.107
0,77,1,-0.15,0.083,0.0,0.02,0.0,0.07,0.0,0.043,0.286,0.0,0.192
0,78,0,0.091,0.042,0.0,-0.058,-0.333,0.023,0.0,0.192,0.333,0.024,-0.1
1,79,0,0.087,0.115,0.0,-0.17,0.0,0.0,0.0,-0.19,0.08,-0.048,-0.077
0,80,1,0.0,0.0,0.0,-0.063,-0.333,-0.132,-0.2,0.148,0.034,-0.053,-0.083
0,81,0,0.0,0.0,0.0,-0.106,0.0,-0.075,0.0,-0.083,-0.125,-0.024,0.286
1,82,0,-0.095,-0.182,0.0,0.113,-0.333,-0.103,-0.5,0.16,-0.389,-0.105,-0.444
1,83,1,0.0,-0.091,0.0,-0.116,0.0,0.0,0.167,0.206,-0.611,0.026,0.0
0,84,1,-0.158,-0.043,0.0,0.0,0.25,0.0,0.167,0.226,-0.2,-0.139,-0.647
0,85,0,0.045,0.154,0.0,-0.325,0.25,0.049,0.333,0.074,0.25,0.095,0.438
1,86,0,0.167,0.083,0.0,0.044,0.25,0.073,0.0,-0.097,0.182,0.025,0.04
0,87,1,0.269,0.08,0.0,-0.044,0.0,0.0,0.143,0.061,0.091,0.122,0.32
0,88,0,0.083,-0.04,0.0,0.111,0.0,0.068,0.143,0.129,0.04,-0.05,-0.143
0,89,0,0.0,-0.043,0.0,0.082,-0.333,0.068,0.143,0.114,0.083,0.0,0.194
1,90,0,-0.04,-0.042,0.0,0.118,-0.333,0.0,0.0,0.029,0.043,-0.025,0.0
1,91,1,-0.091,0.0,0.5,0.082,0.0,-0.023,0.125,0.0,-0.316,-0.026,-0.273
1,92,1,-0.091,0.115,0.0,-0.043,0.25,-0.048,0.0,0.079,0.0,0.024,-0.192
1,93,1,-0.087,0.04,0.0,-0.186,0.25,0.0,0.0,0.056,0.08,-0.026,0.0
1,94,1,0.12,0.107,-1.0,-0.114,0.0,0.023,0.0,0.184,0.296,0.049,0.241
0,95,1,-0.294,0.037,0.5,-0.119,-0.333,0.0,0.125,-0.152,-0.043,-0.242,0.0
0,96,0,-0.045,0.074,0.0,-0.103,0.0,0.07,0.125,0.143,-0.042,-0.054,0.038
1,97,0,-0.25,-0.217,0.0,-0.048,0.0,-0.048,-0.143,-0.118,-0.286,-0.079,-0.261
1,98,1,0.15,-0.038,-1.0,-0.05,0.25,-0.024,-0.143,0.057,0.08,0.083,-0.083
0,99,1,-0.294,-0.08,0.0,-0.147,-0.333,-0.103,-0.143,-1.1,-0.2,-0.088,-0.238
1,100,0,-0.053,0.08,0.0,0.0,0.0,0.023,0.125,-0.7,-0.167,-0.086,0.233
1,101,1,0.13,0.133,0.5,-0.026,0.2,0.047,0.125,-0.346,0.038,0.0,0.143
0,102,1,0.261,0.286,0.5,0.333,0.25,0.133,0.125,0.259,0.31,0.209,0.3
1,103,0,0.136,0.194,0.0,0.106,0.0,0.085,0.111,0.355,0.28,0.167,-0.2
0,104,1,0.0,0.118,-1.0,0.17,-0.25,0.044,0.0,0.188,0.103,0.163,0.0
1,105,0,-0.045,0.0,-1.0,-0.186,0.2,0.0,0.111,0.1,0.033,0.023,-0.034
1,106,1,0.043,0.088,0.0,-0.022,0.0,-0.068,0.0,-0.033,0.107,-0.05,0.138
0,107,1,-0.045,-0.133,0.0,-0.044,0.0,-0.047,0.111,-0.067,0.033,-0.049,0.067
0,108,0,0.083,-0.25,0.0,0.044,-0.667,-0.047,-0.125,0.063,-0.111,-0.128,-0.16
1,109,0,-0.045,-0.172,0.0,0.0,0.0,0.043,-0.125,0.091,-0.077,0.048,-0.16
1,110,1,0.043,-0.154,0.0,0.022,0.0,0.0,-0.125,0.143,-0.111,0.0,0.032
1,111,1,0.077,-0.077,0.0,0.022,0.0,0.0,-0.143,-0.032,0.069,0.049,0.038
0,112,1,0.12,0.0,0.0,-0.022,-0.333,-0.095,-0.143,-0.031,0.519,0.208,0.074
1,113,0,0.0,0.103,0.0,0.0,0.0,0.085,-0.143,0.0,0.73,0.163,-0.348
1,114,1,-0.04,0.133,0.0,0.021,0.25,0.085,0.0,0.225,0.256,0.109,0.071
1,115,1,-0.042,-0.16,0.0,0.151,0.0,0.087,0.125,0.059,-1.16,-0.152,-0.038
1,116,1,0.08,0.065,0.0,0.132,0.0,-0.044,0.125,0.125,-2.846,-0.021,0.207
1,117,1,0.0,0.0,0.0,0.041,0.0,0.0,0.125,0.167,-0.625,-0.022,-0.12
0,118,1,0.0,0.107,0.0,-0.082,0.25,0.021,0.0,0.306,-0.087,-0.045,0.133
0,119,0,-0.087,-0.069,0.5,-0.152,-0.333,0.022,0.0,0.091,-0.083,-0.091,-0.074
1,120,0,-0.136,-0.2,0.5,0.075,-0.333,-0.044,0.0,-0.143,0.04,-0.023,0.038
0,121,1,-0.2,-0.167,0.0,0.109,-0.333,-0.044,0.0,-0.441,0.042,-0.1,-0.364
0,122,0,-0.15,-0.381,-1.0,0.061,0.0,0.0,-0.333,-0.257,-0.5,-0.128,-0.125
1,123,0,-0.048,-0.087,0.0,-0.06,0.25,0.0,-0.143,-0.312,-0.19,-0.023,-0.083
0,124,1,0.091,-0.143,0.5,-0.038,0.25,-0.071,-0.143,-0.214,-0.091,0.048,0.185
1,125,0,0.0,-0.05,0.0,-0.089,0.0,-0.095,0.0,-0.458,0.273,0.114,-0.043
0,126,1,0.087,-0.278,-1.0,-0.111,0.0,-0.125,-0.167,-0.391,-0.05,0.044,0.0
0,127,0,-0.1,-0.05,-1.0,-0.06,0.0,0.0,-0.167,-0.077,-0.158,-0.05,-0.286
1,128,0,0.231,0.048,0.0,0.1,0.25,0.023,0.0,0.111,-0.158,-0.023,-0.045
1,129,1,0.0,0.182,0.0,0.1,0.0,0.111,0.0,0.258,0.2,0.022,0.0
1,130,1,0.167,0.091,0.0,0.0,0.0,0.023,0.0,0.103,0.136,0.091,0.087
0,131,1,-0.182,-0.05,0.0,-0.042,0.0,0.0,-0.2,0.0,0.05,-0.049,-0.048
1,132,0,-0.045,-0.1,0.0,0.02,0.0,-0.071,-0.2,-0.292,-0.316,-0.095,0.04
0,133,1,-0.091,-0.158,0.0,-0.136,0.0,0.0,-0.2,-0.261,-0.048,0.0,0.042
1,134,0,0.0,-0.053,0.0,-0.043,-0.333,0.0,0.0,-0.286,0.048,0.0,0.192
0,135,1,-0.1,-0.053,0.0,-0.133,-0.333,0.023,-0.25,-0.091,0.05,0.045,-0.136
1,136,0,-0.048,-0.118,0.0,-0.023,-0.333,0.023,0.0,0.08,-0.05,-0.128,-0.2
0,137,1,0.0,0.05,0.0,-0.045,0.0,0.0,0.0,0.192,-0.105,0.068,-0.238
1,138,0,0.048,0.136,0.0,0.022,0.0,0.065,0.333,0.214,-0.053,-0.023,-0.048
1,139,1,0.125,0.15,0.5,0.122,0.0,0.022,0.286,0.074,0.091,0.152,0.259
1,140,1,0.083,0.13,0.5,-0.023,0.25,0.085,0.375,0.071,0.174,0.022,0.16
1,141,1,0.087,0.154,0.0,0.021,0.0,-0.045,0.143,-0.037,0.269,0.065,0.0
1,142,1,-0.091,0.231,0.0,-0.065,0.25,0.0,0.125,0.069,0.185,-0.07,-0.174
0,143,1,0.0,0.08,0.0,0.044,0.0,-0.068,-0.143,0.097,0.042,0.043,-0.042
1,144,0,-0.045,-0.04,0.0,0.041,0.25,-0.023,0.0,-0.038,-0.3,-0.045,0.045
1,145,1,0.0,-0.04,-1.0,0.061,0.0,-0.071,-0.143,-0.074,-0.227,0.023,0.042
0,146,1,-0.043,0.0,-1.0,0.062,0.0,0.043,0.0,-0.033,-0.043,0.021,-0.043
0,147,0,-0.158,-0.136,0.0,-0.225,-0.333,0.0,0.125,0.0,0.0,-0.158,0.0
1,148,0,0.043,-0.087,0.0,-0.167,0.0,0.106,0.0,0.182,0.0,0.0,0.0
1,149,1,0.0,-0.042,0.0,-0.231,0.0,-0.022,0.0,0.118,-0.095,-0.067,0.08
0,150,1,0.136,0.0,0.0,0.091,0.25,0.044,-0.333,0.188,0.0,0.116,0.0
1,151,0,-0.278,0.0,0.0,-0.05,0.0,-0.093,-0.167,-0.435,0.043,-0.048,-0.412
0,152,1,-0.278,0.0,0.0,0.025,0.0,-0.047,0.125,-1.0,0.125,-0.098,0.038
1,153,0,0.0,0.12,0.0,-0.023,0.2,0.0,0.143,-0.391,0.0,0.023,0.241
1,154,1,0.182,0.148,0.0,0.0,0.2,0.065,0.143,0.042,-0.045,0.16,0.292
0,155,1,0.182,0.04,0.0,0.048,0.2,0.044,0.0,0.346,-0.091,0.18,0.037
1,156,0,0.185,0.038,0.0,0.065,0.0,0.043,0.0,0.148,0.048,0.083,-0.036
0,157,1,0.043,-0.038,0.0,0.024,0.0,-0.022,0.125,0.077,0.0,0.038,0.04
1,158,0,0.083,0.038,0.0,0.023,-0.25,0.0,-0.143,-0.04,0.0,-0.02,0.0
0,159,1,-0.35,0.0,0.0,-0.15,-0.25,-0.093,0.0,-0.08,0.125,0.0,-0.077
0,160,0,0.0,0.0,0.0,0.068,-0.25,-0.023,0.0,0.037,0.0,-0.061,0.038
1,161,0,-0.091,0.161,0.75,0.122,0.0,0.043,0.632,0.107,0.214,0.14,0.0
0,162,1,0.167,0.071,0.5,0.2,0.0,0.085,0.417,0.074,0.077,0.059,0.0
1,163,0,0.042,-0.04,0.5,0.043,0.0,-0.023,0.111,0.0,0.0,0.02,-0.04
0,164,1,0.043,-0.348,-3.0,0.0,0.0,-0.044,-1.375,0.067,-0.273,-0.118,-0.125
1,165,0,0.0,-0.167,-1.0,-0.136,0.0,-0.068,-0.5,0.156,-0.04,0.0,-0.182
1,166,1,0.0,-0.136,-1.0,0.021,0.0,0.065,-0.125,0.129,-0.048,-0.064,-0.042
1,167,1,0.08,0.08,0.0,-0.256,0.0,0.043,-0.143,0.118,-0.158,-0.02,0.04
1,168,1,-0.043,0.04,0.0,0.043,0.0,0.043,0.0,0.059,-0.19,0.0,0.12
1,169,1,0.077,0.185,0.5,0.0,0.0,0.0,0.0,0.205,-0.05,0.096,0.0
1,170,1,0.074,-0.042,0.5,0.17,0.0,0.0,0.0,0.081,0.136,0.0,-0.042
1,171,1,-0.045,-0.087,0.5,0.021,-0.333,0.021,-0.143,0.056,0.16,-0.063,0.107
0,172,1,-0.182,-0.227,-1.0,-0.022,0.0,0.021,-0.333,-0.219,-0.176,-0.061,0.04
1,173,0,-0.174,-0.091,-1.0,0.041,-0.333,-0.068,-0.167,-0.121,-0.158,-0.087,0.0
0,174,1,0.0,-0.045,-1.0,-0.022,0.0,0.0,-0.167,-0.161,-0.471,-0.067,-0.037
1,175,0,0.043,-0.1,0.0,0.061,0.0,-0.022,0.143,-0.185,0.19,0.02,0.038
0,176,1,-0.045,0.0,0.0,0.0,0.25,0.022,0.0,-0.375,-0.056,0.08,0.111
1,177,0,0.083,-0.048,0.0,0.021,0.25,0.0,0.0,-0.409,0.0,0.1,-0.038
1,178,1,-0.095,0.091,0.0,0.058,0.0,0.0,-0.4,-0.286,-0.105,0.02,0.037
1,179,1,0.0,0.043,0.0,0.169,0.0,0.043,0.0,-0.091,0.0,-0.064,-0.174
0,180,1,0.0,0.16,0.5,0.13,0.0,0.0,0.0,0.083,0.19,0.074,0.071
0,181,0,0.125,0.12,0.5,0.088,0.0,0.115,0.286,0.087,0.05,0.019,0.0
0,182,0,0.12,0.08,0.667,-0.113,0.0,0.041,0.333,0.12,0.25,0.113,0.148
1,183,0,-0.091,-0.087,0.333,0.053,0.0,0.0,0.333,-0.091,0.125,0.036,-0.077
0,184,1,-0.043,-0.042,0.333,0.017,0.0,-0.083,0.3,0.042,0.167,0.088,0.036
1,185,0,-0.136,-0.042,0.25,0.086,0.0,0.02,0.25,0.0,-0.043,0.086,-0.08
0,186,1,0.083,0.042,-0.5,-0.14,0.0,0.021,-0.125,0.214,-0.2,-0.057,0.037
0,187,0,-0.045,-0.143,-0.5,-0.184,0.0,-0.043,-0.429,0.111,-0.2,-0.14,-0.12
1,188,0,0.0,-0.143,-3.0,-0.208,0.0,-0.064,-0.714,0.074,-0.353,-0.208,-0.087
1,189,1,-0.043,-0.043,-1.0,-0.163,0.0,-0.021,-0.333,0.0,-0.176,-0.039,-0.08
1,190,1,0.154,0.125,0.0,0.039,0.0,0.08,0.125,0.229,-0.053,0.057,0.194
1,191,1,0.12,0.16,0.0,0.077,0.0,0.078,0.0,0.182,0.19,0.111,0.233
1,192,1,0.148,0.08,0.5,0.204,0.0,0.078,0.333,0.125,0.19,0.038,0.0
0,193,1,-0.04,0.143,-1.0,-0.02,0.0,0.0,0.0,-0.094,0.174,-0.019,-0.192
1,194,0,0.074,0.038,0.0,-0.156,0.0,0.019,0.222,0.0,-0.05,0.018,0.032
0,195,1,0.0,0.038,0.0,-0.08,0.0,-0.041,-0.125,0.135,0.045,0.019,0.107
0,196,0,0.038,0.034,0.5,0.02,0.0,-0.02,0.111,0.111,0.0,0.103,0.103
1,197,0,0.036,0.071,0.5,0.182,0.0,-0.02,0.1,0.108,0.231,0.035,0.061
0,198,1,0.0,0.0,0.0,0.0,0.0,0.058,0.2,0.075,0.083,0.018,0.0
1,199,0,-0.182,-0.318,0.0,-0.02,0.0,-0.089,0.0,0.0,-0.211,-0.289,-0.208
1,200,1,-0.037,-0.077,0.0,-0.17,0.0,0.0,-0.111,0.075,-0.3,-0.096,-0.1
0,201,1,0.0,-0.04,-1.0,-0.111,0.2,-0.083,-0.429,-0.026,-0.263,-0.1,-0.12
1,202,0,0.12,0.043,0.0,-0.25,0.0,0.082,-0.125,0.122,0.05,0.082,0.04
0,203,1,-0.286,-0.083,-1.0,-0.068,0.0,0.019,-0.286,-0.212,0.0,-0.083,-0.111
0,204,0,-0.227,0.0,0.0,0.022,0.0,0.04,0.125,-0.444,-0.056,-0.163,0.138
0,205,0,0.038,0.258,-1.0,0.167,0.2,0.039,0.111,-0.708,0.048,0.0,0.219
0,206,0,0.25,0.143,0.5,0.064,0.333,0.019,0.125,-0.1,0.0,0.143,0.156
1,207,0,0.241,0.167,0.667,0.08,0.0,0.107,0.273,0.182,0.25,0.246,0.216
1,208,1,0.133,0.088,0.833,0.273,0.0,0.105,0.571,0.273,0.222,0.197,0.086
0,209,1,0.034,0.097,0.0,0.175,0.0,0.054,0.273,0.167,0.0,0.067,-0.103
1,210,0,0.0,-0.071,-0.5,-0.042,0.0,-0.077,-0.1,-0.1,-0.263,-0.056,-0.194
1,211,1,-0.154,-0.417,-2.0,-0.269,0.0,-0.14,-1.333,0.0,-0.35,-0.151,-0.4
0,212,1,-0.036,-0.192,0.0,-0.267,-0.2,-0.143,-0.375,0.0,-0.176,-0.176,-0.036
0,213,0,0.033,-0.037,0.0,0.059,0.0,-0.04,-0.25,0.211,0.05,0.018,0.0
1,214,0,0.037,0.077,0.0,-0.209,0.0,0.0,0.0,0.175,-0.053,0.019,0.138
1,215,1,-0.037,0.037,0.0,0.118,-0.25,0.058,0.2,0.1,0.105,0.073,0.152
0,216,1,-0.111,0.036,0.333,0.15,0.0,0.038,0.429,0.095,0.0,0.083,0.088
1,217,0,-0.08,0.0,0.0,0.122,0.0,0.0,0.0,0.322,0.136,0.085,0.065
0,218,1,0.0,-0.038,0.0,0.019,0.2,0.055,-0.25,0.344,0.0,0.0,-0.179
1,219,0,-0.038,-0.077,-0.5,-0.304,0.0,0.0,-0.75,0.276,-0.053,-0.132,-0.172
1,220,1,0.074,-0.04,0.0,0.0,0.0,0.057,-0.286,0.017,-0.222,-0.017,0.0
1,221,1,0.0,-0.04,-1.0,0.037,0.0,-0.058,0.0,-0.07,0.0,0.0,-0.037
0,222,1,-0.04,-0.04,-1.0,0.08,0.0,0.037,-0.143,-0.018,-0.056,-0.019,0.065
1,223,0,-0.125,0.0,-1.0,0.0,0.0,-0.019,0.0,-0.111,-0.125,-0.115,-0.192
0,224,1,-0.08,0.0,0.0,-0.227,-0.25,0.019,-0.143,-0.187,-0.118,-0.058,-0.038
1,225,0,-0.042,0.0,0.0,-0.087,0.0,-0.08,-0.167,-0.213,-0.059,0.0,-0.192
0,226,1,0.04,-0.136,0.0,-0.043,-0.25,-0.02,-0.4,-0.256,-0.143,-0.106,-0.04
1,227,0,-0.042,-0.136,0.5,0.137,0.2,-0.104,-0.167,-0.2,0.0,0.019,0.037
0,228,1,0.04,-0.136,0.5,0.098,0.0,0.0,0.0,-0.237,0.105,0.019,0.037
0,229,0,-0.087,-0.158,0.0,0.113,0.2,0.0,0.167,-0.265,0.125,0.13,0.038
0,230,0,-0.043,0.0,0.0,-0.041,0.167,0.04,0.143,-0.143,0.056,0.019,-0.174
0,231,0,-0.136,0.0,0.0,0.019,0.167,0.0,0.143,-0.267,-0.188,-0.039,0.0
1,232,0,0.148,0.136,0.5,0.07,0.167,0.073,0.143,-0.03,0.2,0.0,0.133
0,233,1,0.148,0.185,0.333,0.058,0.0,0.167,0.125,0.028,0.1,0.115,0.233
0,234,0,0.154,0.0,0.0,0.0,0.0,0.091,0.0,0.118,0.158,0.073,0.0
1,235,0,0.0,-0.1,0.0,-0.213,0.0,0.0,-0.167,-0.065,-0.176,0.053,-0.154
0,236,1,-0.08,-0.421,-0.5,-0.106,0.0,-0.132,-0.333,-0.2,-0.25,-0.151,-0.2
0,237,0,-0.13,-0.158,-1.0,-0.238,0.0,-0.1,-0.4,-0.097,-0.118,-0.058,0.0
0,238,0,-0.08,-0.053,-1.0,-0.022,0.0,-0.1,-0.2,0.031,-0.214,-0.163,-0.13
0,239,0,0.038,-0.118,-1.0,-0.022,0.0,-0.082,-0.2,0.032,0.0,-0.082,-0.042
1,240,0,0.148,0.0,0.0,0.143,0.0,0.0,0.167,0.031,-0.214,-0.061,-0.125
0,241,1,0.107,0.095,0.5,0.098,0.0,0.038,0.286,0.086,0.222,0.14,0.08
0,242,0,0.188,0.575,0.9,0.41,0.143,0.258,0.828,0.53,0.529,0.41,0.368
0,243,0,0.308,0.457,0.833,0.258,0.143,0.231,0.667,0.624,0.462,0.338,0.351
0,244,0,0.263,0.543,0.875,0.4,0.143,0.246,0.821,0.65,0.538,0.321,0.324
1,245,0,0.22,0.333,0.6,0.22,0.0,0.07,0.442,0.29,0.277,0.135,0.136
0,246,1,-0.114,0.375,0.667,0.132,0.0,-0.016,0.526,-0.164,0.366,0.169,0.075
1,247,0,-0.226,-0.122,-0.455,-0.308,0.125,-0.169,-0.857,-0.389,-0.258,-0.077,-0.121
0,248,1,-0.206,-0.622,-1.273,-0.587,0.125,-0.246,-1.476,-0.388,-0.679,-0.2,-0.375
0,249,0,-0.129,-0.867,-1.0,-0.288,0.125,-0.123,-1.0,-0.327,-0.708,-0.271,-0.667
0,250,0,0.114,-0.281,-0.375,-0.204,0.111,-0.035,-0.235,-0.241,-0.409,-0.114,-0.222
1,251,0,-0.03,-0.028,-0.1,-0.26,0.273,0.05,-0.235,-0.117,-0.037,-0.067,-0.067
0,252,1,-0.107,-0.071,-0.5,-0.18,0.111,-0.075,-0.267,-0.038,-0.2,-0.129,0.0
0,253,0,-0.094,-0.032,-0.143,-0.174,0.25,0.017,-0.214,0.0,0.0,-0.029,0.0
0,254,0,-0.065,-0.385,-0.667,-0.087,-0.1,-0.053,-0.417,-0.091,-0.35,-0.19,-0.111
0,255,0,-0.037,-0.167,-0.2,-0.19,0.1,0.036,-0.5,-0.082,0.0,0.0,-0.091
1,256,0,-0.524,-0.476,-1.333,-0.122,-0.2,-0.115,-0.75,-0.657,-0.467,-0.417,-0.227
0,257,1,-0.107,-0.04,-0.5,-0.15,0.167,0.017,-0.333,-0.447,-0.176,-0.189,-0.174
0,258,0,0.1,-0.091,-0.25,0.067,0.286,-0.078,-0.25,-0.089,0.0,-0.016,0.12
0,259,0,0.276,-0.05,0.25,0.047,0.231,-0.02,0.0,0.239,0.211,0.238,0.12
0,260,0,0.034,-0.316,0.2,0.091,0.077,-0.16,0.1,0.174,0.15,0.145,-0.278
1,261,0,-0.071,-0.158,0.2,0.043,-0.077,0.0,0.0,0.151,-0.176,0.016,-0.042
0,262,1,0.094,0.0,0.0,0.0,0.0,0.038,0.0,0.132,0.0,0.0,0.0
0,263,0,0.033,0.095,0.0,0.064,-0.083,0.038,-0.111,0.115,0.0,0.016,0.28
0,264,0,0.125,0.05,0.286,0.041,0.0,0.038,0.273,0.086,0.15,0.075,0.077
0,265,0,0.03,0.13,0.5,0.104,0.0,0.019,0.333,0.117,0.05,0.074,0.138
1,266,0,0.032,0.25,0.583,0.096,0.077,0.055,0.4,0.148,0.13,0.1,0.038
1,267,1,-0.103,0.286,0.3,0.058,0.0,0.019,0.214,-0.074,0.13,0.043,0.0
1,268,1,-0.138,0.148,0.0,-0.021,-0.083,-0.038,-0.091,-0.224,0.048,0.029,-0.208
1,269,1,-0.033,-0.077,-0.333,-0.04,-0.083,-0.038,-0.25,-0.196,0.042,-0.045,0.0
1,270,1,-0.036,-0.217,-0.25,-0.04,-0.083,-0.059,-0.4,-0.038,-0.095,-0.094,-0.04
1,271,1,0.0,-0.286,-0.333,0.096,-0.091,-0.061,-0.1,-0.043,-0.105,-0.148,-0.091
0,272,1,-0.071,-0.182,-0.5,-0.111,0.0,-0.039,-0.5,0.0,-0.263,-0.047,-0.083
1,273,0,0.034,-0.15,-0.333,-0.02,-0.091,-0.063,-0.25,-0.02,0.0,-0.049,-0.25
1,274,1,-0.036,-0.05,-0.2,-0.156,0.0,0.02,-0.25,0.096,0.0,-0.034,0.043
0,275,1,-0.077,0.043,0.0,0.062,-0.091,-0.02,0.0,-0.041,-0.056,-0.049,0.04
1,276,0,-0.16,0.091,-0.2,-0.043,0.0,0.02,-0.143,-0.109,-0.05,-0.034,-0.053
1,277,1,-0.077,-0.111,0.0,0.135,0.0,-0.064,-0.143,-0.13,-0.056,-0.035,-0.095
1,278,1,-0.04,-0.278,-0.5,-0.043,0.0,-0.064,-0.143,-0.14,-0.2,-0.151,-0.25
1,279,1,0.074,-0.1,0.0,0.096,0.083,-0.021,0.0,-0.122,-0.111,0.0,0.174
0,280,1,0.0,0.053,-0.25,-0.061,0.0,0.021,-0.167,-0.278,-0.2,-0.018,0.045
0,281,0,0.074,0.0,0.2,0.021,0.083,0.021,-0.4,-0.229,0.063,0.054,0.048
0,282,0,0.0,-0.429,-0.25,-0.156,0.0,-0.021,-0.167,-0.139,-0.2,-0.135,-0.211
0,283,0,0.103,-0.267,-0.333,0.039,0.083,-0.021,0.0,-0.029,0.0,-0.143,-0.294
1,284,0,0.036,-0.286,-0.25,0.06,0.077,0.0,0.0,-0.094,0.0,0.0,-0.05
1,285,1,0.036,0.067,0.0,0.043,0.077,0.041,-0.2,-0.091,0.0,0.088,0.095
1,286,1,-0.115,0.118,0.4,-0.085,0.0,0.041,-0.2,-0.094,0.063,0.14,0.227
1,287,1,-0.077,0.176,0.2,-0.064,-0.083,0.0,0.0,-0.032,0.0,-0.018,-0.111
0,288,1,-0.037,0.167,0.0,0.0,0.0,-0.021,0.167,-0.1,0.063,0.017,0.045
1,289,0,0.037,0.0,-0.25,-0.022,0.0,-0.021,0.0,-0.067,-0.143,0.0,0.0
1,290,1,0.0,0.056,-0.25,0.0,-0.091,0.0,0.167,-0.069,-0.143,0.0,0.143
0,291,1,0.069,0.053,0.0,-0.022,-0.182,-0.021,0.0,0.0,-0.143,-0.055,-0.158
1,292,0,-0.08,0.0,0.0,0.021,-0.091,-0.067,0.167,0.0,0.125,-0.036,-0.048
1,293,1,0.0,-0.059,-0.333,-0.022,0.0,-0.043,-0.2,0.121,0.0,-0.078,-0.05
0,294,1,-0.16,0.0,0.0,0.08,0.0,-0.022,0.143,0.211,0.067,0.052,0.208
0,295,0,0.038,0.15,0.0,-0.022,0.083,0.022,0.143,0.167,0.059,0.052,0.0
1,296,0,-0.083,0.105,0.25,-0.095,0.083,0.021,0.167,0.132,0.125,0.073,0.091
1,297,1,0.038,0.0,0.0,-0.064,0.154,0.021,0.0,-0.086,0.063,-0.036,0.0
0,298,1,0.103,0.0,0.2,0.042,0.077,0.021,0.125,0.053,-0.063,0.0,0.192
0,299,0,0.111,0.05,0.0,0.023,0.077,0.0,0.143,0.0,-0.067,0.018,0.12
1,300,0,0.0,-0.118,0.0,-0.093,0.0,0.0,0.0,0.079,-0.067,-0.037,-0.143
1,301,1,-0.074,-0.176,-0.25,-0.021,0.133,0.021,-0.143,0.026,-0.067,-0.055,-0.3
1,302,1,-0.038,-0.111,0.0,0.023,0.071,0.0,0.0,0.0,0.063,-0.077,0.038
0,303,1,0.071,0.105,-0.333,0.065,-0.083,0.041,0.0,0.05,0.063,-0.038,0.192
1,304,0,-0.08,-0.063,-0.333,-0.119,-0.364,-0.067,0.0,-0.026,-0.364,-0.25,0.0
1,305,1,0.071,-0.059,-0.333,-0.1,-0.077,0.021,-0.167,0.224,-0.143,0.0,-0.083
0,306,1,-0.077,-0.118,0.0,-0.179,0.0,0.0,-0.4,0.091,-0.231,-0.061,-0.3
1,307,0,0.038,0.0,0.0,0.0,0.154,0.118,-0.4,-0.027,0.154,0.083,-0.053
0,308,1,-0.556,-0.133,-0.5,-0.053,0.0,0.077,-0.2,-0.96,-0.273,-0.3,-0.143
1,309,0,-0.182,0.056,-0.5,-0.026,0.143,0.058,0.167,-0.833,0.0,-0.14,0.091
0,310,1,0.0,0.2,0.0,0.0,0.071,0.038,0.0,-0.194,0.133,0.111,0.24
0,311,0,0.333,0.211,0.333,0.116,0.071,0.0,0.167,0.306,0.154,0.273,0.192
0,312,0,0.214,0.0,0.333,0.116,0.0,0.0,0.143,0.314,0.0,0.204,0.083
0,313,0,0.133,-0.053,0.0,0.0,0.0,-0.019,0.286,0.088,0.0,0.018,-0.042
1,314,0,0.156,0.0,0.0,0.0,-0.077,-0.04,0.143,-0.091,0.188,0.0,-0.04
1,315,1,0.067,0.0,0.0,0.0,-0.273,-0.106,0.0,-0.029,0.071,-0.038,-0.091
0,316,1,0.0,-0.118,0.0,0.0,-0.077,-0.083,-0.167,0.15,-0.25,-0.058,-0.091
1,317,0,-0.067,-0.056,-0.5,-0.049,0.0,-0.02,-0.167,0.25,-0.231,-0.019,0.0
1,318,1,-0.034,0.053,0.0,-0.049,0.267,0.041,-0.167,0.171,-0.273,0.055,0.154
1,319,1,-0.071,0.19,0.0,0.067,0.0,0.0,0.0,0.0,0.25,0.055,0.154
1,320,1,-0.111,0.053,0.333,0.0,-0.083,-0.021,0.0,-0.158,0.133,0.0,0.0
1,321,1,0.033,0.05,0.0,0.024,-0.25,-0.021,0.143,-0.079,0.267,-0.019,0.0
1,322,1,-0.077,-0.167,0.0,0.022,0.071,0.02,0.143,-0.081,-0.231,-0.058,-0.083
1,323,1,0.0,0.0,0.0,0.068,0.0,0.0,0.0,0.026,-0.154,-0.038,0.107
1,324,1,0.0,0.048,0.0,0.045,0.2,0.02,0.0,0.136,0.063,0.069,0.103
0,325,1,0.037,0.053,0.0,-0.07,-0.167,-0.043,0.0,0.159,0.235,0.055,0.0
0,326,0,0.069,0.05,0.0,0.043,-0.091,0.0,0.0,0.22,0.188,0.071,-0.077
1,327,0,-0.071,-0.05,0.571,0.12,-0.364,-0.043,0.417,0.241,0.238,0.049,-0.318
0,328,1,0.0,-0.056,0.4,0.104,-0.091,0.041,0.125,0.083,0.0,0.0,-0.091
0,329,0,-0.208,-0.25,0.25,0.0,0.0,0.0,0.25,-0.163,-0.067,-0.037,-0.13
0,330,0,-0.167,-0.333,-0.4,-0.064,0.0,-0.022,-0.5,-0.415,-0.4,-0.151,0.0
1,331,0,-0.174,-0.286,-0.667,-0.021,0.083,-0.065,-0.333,-0.297,-0.417,-0.122,-0.1
1,332,1,0.04,-0.143,0.0,0.042,0.154,-0.067,-0.333,-0.229,-0.154,-0.038,-0.095
0,333,1,0.0,-0.071,-0.667,-0.044,0.214,-0.045,-0.6,-0.281,-0.071,-0.019,0.0
0,334,0,0.042,-0.077,0.0,-0.093,0.25,-0.045,-0.5,-0.321,0.143,0.02,0.0
1,335,0,-0.087,-0.077,0.0,-0.043,0.235,0.0,0.0,-0.296,0.133,-0.061,-0.105
0,336,1,-0.143,-0.273,0.0,-0.047,0.0,0.0,0.0,-0.231,-0.167,-0.182,-0.158
1,337,0,-0.091,0.0,0.0,-0.075,0.111,0.064,0.0,-0.077,-0.077,-0.02,-0.111
1,338,1,-0.045,-0.083,-0.333,-0.045,0.261,0.062,-0.5,-0.08,-0.25,-0.021,0.0
1,339,1,0.045,0.083,0.0,-0.049,0.0,0.043,0.0,-0.083,0.077,0.102,0.0
0,340,1,-0.048,0.0,0.0,0.07,-0.5,-0.044,0.0,-0.13,-0.083,0.0,0.143
0,341,0,0.0,0.077,0.0,-0.073,-1.091,-0.091,0.0,0.0,0.0,-0.021,0.05
0,342,0,-0.1,0.0,0.0,-0.025,-0.4,-0.045,-0.25,0.0,-0.083,-0.065,0.136
1,343,0,0.0,0.0,0.0,-0.132,-0.2,-0.023,0.2,0.148,0.0,-0.065,-0.167
1,344,1,-0.1,-0.083,0.0,-0.079,-0.1,-0.048,0.2,0.074,0.0,-0.044,-0.111
1,345,1,0.0,0.077,-0.5,-0.111,0.0,-0.023,0.0,0.077,-0.2,-0.095,-0.1
1,346,1,0.0,0.0,0.0,0.026,0.0,0.0,0.0,0.036,0.077,0.042,0.143
0,347,1,0.091,0.2,0.0,0.0,0.0,0.125,0.0,0.1,0.077,0.082,0.28
1,348,0,0.091,0.188,0.333,0.1,0.0,0.065,0.2,0.188,0.286,0.143,0.231
1,349,1,0.087,0.235,0.0,0.025,0.0,0.064,0.167,0.067,0.071,0.02,0.087
1,350,1,0.0,0.063,0.0,0.05,0.0,-0.021,0.167,0.118,0.071,0.0,-0.136
0,351,1,0.0,0.059,0.0,-0.053,0.0,-0.022,0.167,0.086,0.176,0.039,0.0
1,352,0,0.0,-0.133,-0.5,-0.081,0.0,-0.044,0.0,0.063,0.0,0.0,0.042
0,353,1,0.12,0.0,0.0,-0.081,0.0,-0.022,0.0,-0.03,0.125,0.0,0.043
1,354,0,0.083,-0.063,0.0,0.05,0.0,0.022,0.0,0.0,-0.214,-0.063,-0.04
0,355,1,0.042,0.063,0.333,0.026,0.091,0.0,0.0,0.179,0.0,0.058,0.0
1,356,0,-0.389,-0.333,-0.5,-0.088,-0.111,-0.095,-0.2,0.029,-0.455,-0.225,-0.095
1,357,1,-0.043,0.0,-0.5,-0.111,0.286,0.021,0.0,0.079,0.0,-0.021,-0.042
1,358,1,-0.091,0.0,-0.5,-0.056,0.214,0.062,-0.2,-0.026,0.067,-0.13,0.04
1,359,1,0.1,0.2,0.0,0.0,0.357,0.106,0.0,-0.063,0.154,0.13,0.045
1,360,1,-0.533,-0.067,0.0,-0.029,-0.167,0.041,0.0,-0.583,-0.167,-0.175,-0.263
1,361,1,-0.375,0.111,0.0,-0.161,-0.273,0.02,0.286,-0.652,-0.154,-0.122,-0.087
1,362,1,0.231,0.318,0.333,0.081,0.067,0.19,0.167,-0.143,0.188,0.148,0.241
1,363,1,0.348,0.286,0.0,0.079,0.143,0.093,0.143,0.226,0.25,0.231,0.296
0,364,1,0.333,0.143,0.0,0.225,0.214,0.058,0.125,0.233,0.188,0.18,0.115
1,365,0,0.037,-0.1,0.0,0.051,-0.071,-0.055,0.143,0.2,0.111,0.0,0.0
1,366,1,0.0,-0.05,0.333,0.073,-0.167,-0.019,0.0,0.279,0.059,0.037,-0.038
1,367,1,0.0,0.0,0.333,0.0,-0.167,-0.02,-0.143,0.231,0.238,0.091,0.071
0,368,1,-0.038,0.048,-0.5,0.049,-0.273,-0.058,0.0,0.079,0.0,0.036,0.0
1,369,0,0.042,-0.053,0.0,0.024,-0.2,-0.019,0.125,-0.162,-0.063,-0.019,0.071
0,370,1,0.0,-0.05,0.0,0.0,-0.2,0.019,0.0,-0.026,-0.312,0.0,-0.037
0,371,0,-0.13,-0.05,0.333,-0.051,-0.1,0.0,0.0,-0.086,-0.125,-0.057,-0.115
1,372,0,-0.043,0.05,0.25,-0.05,-0.111,-0.04,0.111,0.5,0.059,0.036,-0.077
1,373,1,0.0,-0.053,0.0,-0.053,0.0,0.0,-0.167,0.377,0.059,-0.058,0.0
1,374,1,0.0,0.0,-0.5,-0.026,0.0,0.0,-0.167,0.327,0.111,-0.019,0.071
0,375,1,0.115,-0.053,-1.0,0.048,0.182,0.074,-0.5,-0.51,0.056,-0.058,0.037
1,376,0,0.273,-0.056,-0.5,0.073,0.0,0.037,0.0,-0.271,0.0,0.0,0.0
1,377,1,0.207,-0.176,0.0,0.136,0.0,-0.02,0.25,-0.238,-0.125,-0.04,-0.167
0,378,1,-0.083,-0.056,0.333,-0.077,-0.1,-0.059,0.0,-0.195,-0.059,0.0,-0.08
0,379,0,-0.435,0.0,0.333,0.0,0.0,-0.102,0.0,-0.143,0.0,-0.061,-0.174
0,380,0,-0.318,0.0,0.0,-0.073,0.0,0.0,-0.6,-0.024,0.0,0.038,0.0
0,381,0,0.077,-0.125,-0.5,0.0,0.0,0.019,-0.2,-0.108,-0.214,-0.02,0.0
0,382,0,-0.095,-0.2,-0.5,-0.051,-0.111,0.058,-0.2,-0.2,-0.214,-0.065,-0.095
0,383,0,0.083,-0.214,0.0,0.047,0.0,0.0,0.0,-0.281,-0.333,-0.156,0.0
1,384,0,-0.182,-0.143,0.0,0.093,0.0,0.0,0.0,-0.233,-0.167,-0.085,-0.25
0,385,1,0.087,-0.154,0.333,0.114,0.1,0.0,0.0,-0.167,-0.167,0.061,0.0
1,386,0,-0.043,-0.077,0.0,0.0,0.0,0.0,-0.25,-0.143,0.0,0.043,-0.2
1,387,1,0.185,-0.077,0.0,0.085,0.0,0.0,0.0,-0.111,0.143,0.041,0.048
0,388,1,0.148,0.071,-0.5,-0.023,0.091,-0.02,-0.25,-0.111,0.0,-0.089,0.0
1,389,0,0.531,0.071,0.333,0.044,0.091,0.038,0.2,0.067,0.077,0.021,0.048
0,390,1,0.46,0.133,0.333,-0.093,0.0,0.088,0.0,0.0,0.0,0.058,0.045
0,391,0,0.73,0.125,0.333,0.173,-0.1,0.019,0.429,0.289,0.294,0.135,0.125
0,392,0,0.51,0.333,0.667,0.151,0.0,0.036,0.688,0.167,0.409,0.213,0.192
0,393,0,-0.282,0.516,0.85,0.386,0.0,0.0,0.833,0.129,0.517,0.307,0.312
1,394,0,-2.448,0.111,0.667,-0.106,0.0,0.037,0.3,-0.407,-0.133,0.088,0.077
0,395,1,-2.704,-0.235,-0.5,-0.233,-0.1,-0.078,-1.0,-0.333,-0.571,-0.173,-0.3
0,396,0,-0.147,-1.067,-4.0,-0.707,0.0,-0.14,-4.0,-0.192,-1.231,-0.5,-0.6
1,397,0,0.237,-0.385,-1.25,-0.044,0.091,-0.059,-0.429,0.0,-0.364,-0.163,-0.238
0,398,1,0.156,-0.133,-0.5,0.0,0.0,-0.041,-0.333,0.129,-0.077,-0.04,0.13
1,399,0,-0.097,0.167,0.2,0.089,0.0,0.038,0.25,0.188,0.188,0.057,0.167
1,400,1,-0.226,0.235,0.0,0.0,-0.1,0.073,0.125,0.182,0.154,0.075,0.125
1,401,1,-0.103,0.167,0.2,0.065,0.0,0.058,0.25,0.061,0.133,0.107,-0.045
1,402,1,-0.148,-0.059,-0.25,-0.023,0.0,0.0,0.0,0.03,0.0,-0.019,-0.143
1,403,1,-0.107,-0.063,0.0,-0.125,0.0,-0.1,-0.143,0.029,0.071,-0.019,-0.091
0,404,1,0.0,0.0,0.0,-0.07,0.0,-0.061,0.0,0.057,0.0,-0.018,0.12
1,405,0,0.0,-0.063,0.0,-0.1,0.0,-0.02,-0.143,0.083,-0.143,0.037,0.045
0,406,1,-0.037,-0.067,0.0,0.0,0.0,-0.02,0.125,0.081,-0.077,-0.02,0.0
0,407,0,-0.115,-0.2,-0.667,-0.075,0.0,0.039,-0.333,0.054,-0.154,-0.122,-0.042
1,408,0,-0.174,-0.231,-0.333,-0.053,-0.111,-0.063,-0.167,-0.2,-0.4,-0.35,-0.158
1,409,1,-0.038,0.063,0.0,-0.026,0.091,0.058,-0.143,0.0,0.071,0.0,0.083
0,410,1,0.037,0.0,0.0,-0.081,0.0,0.019,0.143,0.075,-0.083,-0.021,-0.2
1,411,0,0.08,0.071,0.0,-0.027,0.182,0.077,-0.2,0.143,0.167,0.13,0.0
0,412,1,-0.368,-0.143,-0.333,-0.114,0.0,-0.061,-0.167,-0.321,-0.273,-0.214,-0.2
1,413,0,-0.421,0.0,-0.5,-0.028,0.091,-0.061,0.0,-0.538,-0.2,-0.231,0.0
1,414,1,-0.042,0.067,-0.5,-0.028,0.154,0.019,0.167,-0.296,-0.091,-0.07,0.208
1,415,1,0.269,0.125,-0.5,0.028,0.083,0.039,-0.2,0.067,0.083,0.106,0.167
0,416,1,0.269,0.063,0.0,-0.059,0.083,0.058,-0.167,0.103,0.091,0.17,0.091
1,417,0,0.25,0.118,0.0,0.0,-0.083,0.07,0.0,0.1,0.214,0.122,0.077
0,418,1,0.071,0.2,0.0,0.053,-0.091,0.073,0.167,0.0,0.294,0.096,0.2
1,419,0,0.0,0.2,0.0,0.105,-0.2,0.0,0.0,0.065,0.312,0.096,0.154
1,420,1,-0.28,0.056,0.0,0.053,-0.2,-0.163,0.0,0.032,0.263,0.058,0.0
0,421,1,-0.12,-0.111,0.333,0.026,-0.1,-0.1,0.143,0.0,-0.133,-0.061,-0.25
0,422,0,-0.083,-0.111,0.0,-0.056,0.0,-0.04,0.0,0.031,-0.067,0.0,-0.04
1,423,0,-0.087,-0.059,0.0,0.026,0.0,0.02,0.143,0.031,-0.357,-0.02,-0.083
0,424,1,-0.19,-0.059,-0.5,-0.147,0.0,-0.042,-0.167,-0.071,0.063,0.02,-0.143
1,425,0,-0.091,-0.059,0.0,0.027,0.0,-0.042,0.0,-0.067,-0.154,-0.04,-0.136
0,426,1,-0.045,-0.063,0.0,-0.083,-0.111,0.038,-0.167,0.0,0.0,-0.041,0.04
0,427,0,-0.05,-0.133,0.0,0.15,0.0,0.02,0.0,0.067,-0.143,-0.087,0.0
1,428,0,0.043,-0.133,0.0,0.026,0.0,0.059,-0.2,0.063,-0.083,-0.02,0.083
1,429,1,0.043,0.0,0.0,0.077,0.1,-0.061,-0.2,0.111,0.0,0.039,-0.087
0,430,1,0.2,0.0,0.0,-0.053,-0.111,0.02,-0.2,0.189,0.125,0.061,0.045
0,431,0,0.0,0.0,0.0,-0.027,-0.111,0.0,0.0,0.135,0.25,0.02,-0.143
0,432,0,-0.045,-0.143,0.0,0.0,-0.111,0.039,0.0,-0.029,0.0,-0.041,-0.045
1,433,0,0.0,0.167,0.0,0.0,0.0,0.057,0.286,-0.057,0.515,0.075,0.214
0,434,1,-0.045,0.118,0.0,0.075,0.0,0.019,0.167,-0.088,0.448,0.057,0.125
1,435,0,-0.158,-0.077,0.0,0.025,0.0,0.0,0.0,-0.207,0.125,-0.065,-0.1
1,436,1,-0.25,-0.385,0.333,0.073,0.0,-0.06,-0.4,-0.167,-1.062,-0.104,-0.4
0,437,1,-0.1,-0.417,0.0,0.0,0.0,-0.02,-0.5,-0.172,-1.071,-0.128,-0.263
1,438,0,0.05,0.0,0.0,0.0,0.0,0.019,-0.25,-0.16,-0.067,0.021,0.0
0,439,1,0.0,-0.083,0.0,-0.025,0.1,0.0,0.0,-0.25,-0.231,-0.021,-0.053
1,440,0,-0.111,-0.091,0.0,0.07,0.1,0.0,0.2,-0.318,-0.167,-0.093,-0.118
1,441,1,0.0,0.0,0.0,0.0,0.1,0.019,0.0,-0.087,-0.364,-0.022,0.048
1,442,1,0.0,0.0,-0.5,0.024,0.0,0.091,-0.25,0.0,-0.083,0.021,0.05
1,443,1,0.1,0.083,0.0,-0.024,0.0,0.038,-0.25,0.083,0.2,0.104,0.105
1,444,1,-0.053,-0.083,0.0,-0.053,-0.111,0.0,0.0,0.0,0.083,0.021,-0.105
1,445,1,0.0,0.0,0.0,-0.079,-0.111,-0.078,0.0,-0.143,0.0,-0.043,-0.053
0,446,1,0.048,0.0,0.0,-0.135,-0.111,-0.039,0.0,-0.143,-0.25,-0.043,0.0
0,447,0,0.05,0.077,0.0,-0.027,0.0,-0.039,0.0,0.042,-0.091,-0.022,0.174
1,448,0,0.231,-0.091,0.0,-0.027,0.0,-0.041,0.0,0.16,-0.091,0.0,0.05
1,449,1,0.382,0.0,0.0,-0.028,0.182,0.0,0.2,0.222,-0.091,-0.07,0.095
0,450,1,0.231,0.133,0.0,0.026,0.0,-0.02,0.2,0.172,0.214,0.061,0.0
0,451,0,0.0,0.267,0.0,0.0,0.0,0.039,0.2,0.107,0.154,0.061,0.231
1,452,0,-0.36,0.143,0.0,0.0,-0.222,0.0,0.0,0.1,0.083,0.085,0.192
0,453,1,0.071,-0.071,0.0,-0.027,0.1,0.02,0.167,0.033,0.0,0.0,-0.095
1,454,0,-0.083,-0.154,0.0,-0.057,0.1,-0.085,0.0,0.067,0.0,-0.043,-0.13
0,455,1,0.074,-0.077,0.0,0.0,0.0,-0.063,0.0,0.143,0.0,0.021,-0.083
0,456,0,-0.037,0.0,0.333,-0.028,-0.111,-0.063,-0.2,0.189,-0.077,-0.021,0.0
0,457,0,-0.043,-0.083,0.0,-0.029,0.0,-0.044,0.286,0.25,-0.083,-0.093,-0.211
0,458,0,0.27,0.188,0.6,0.0,0.1,0.02,0.615,0.028,0.2,0.0,-0.143
1,459,0,-0.038,0.067,0.25,-0.091,0.1,0.04,0.375,-0.088,-0.083,0.0,0.087
1,460,1,-0.211,0.0,0.0,-0.097,-0.25,-0.023,-0.4,-0.481,-0.2,-0.162,-0.056
1,461,1,-0.542,-0.143,-1.5,-0.091,-0.111,0.02,-1.6,-0.125,-0.25,-0.043,0.125
0,462,1,-0.04,0.0,-1.0,0.029,0.0,0.02,-0.6,-0.063,0.0,-0.021,-0.045
1,463,0,0.095,0.143,0.0,-0.033,0.111,0.102,0.0,0.156,0.231,0.159,0.182
0,464,1,-0.412,-0.077,0.333,-0.138,0.1,-0.042,0.0,-0.185,0.0,-0.045,-0.333
1,465,0,-0.562,-0.154,0.0,-0.214,0.0,-0.085,0.0,-0.778,-0.333,-0.27,-0.158
1,466,1,0.192,0.067,0.333,0.0,0.308,0.058,0.286,-0.333,0.0,0.022,0.0
1,467,1,0.32,0.133,-0.5,0.065,0.091,0.059,0.0,0.0,0.0,0.102,0.25
1,468,1,0.429,0.188,0.0,0.125,0.0,0.078,0.0,0.486,0.357,0.26,0.174
1,469,1,-0.04,0.063,0.0,0.118,-0.3,-0.02,-0.167,0.111,0.0,0.082,0.083
0,470,1,-0.087,0.167,0.333,0.088,-0.1,0.038,0.167,0.036,0.2,0.075,0.077
0,471,0,-0.273,0.059,0.333,0.03,-0.111,0.0,0.167,-0.167,0.0,0.038,0.115
1,472,0,-0.087,0.059,0.0,0.0,-0.25,-0.063,0.0,0.1,0.071,0.02,0.04
1,473,1,-0.045,-0.125,-0.5,0.0,-0.25,-0.082,0.0,0.152,-0.154,-0.06,0.0
1,474,1,0.043,0.0,0.0,0.0,-0.125,-0.041,0.0,0.167,0.0,0.019,-0.04
1,475,1,-0.045,0.056,0.25,0.0,0.0,0.04,0.143,0.118,0.067,0.057,0.107
0,476,1,0.0,0.0,0.333,0.0,0.0,0.0,0.0,-0.065,0.071,0.057,-0.04
1,477,0,-0.095,-0.063,0.0,0.029,0.0,0.02,0.0,-0.029,-0.167,-0.019,0.0
0,478,1,-0.048,-0.2,-0.333,0.056,0.0,-0.02,0.0,0.029,-0.154,-0.082,-0.167
1,479,0,-0.1,-0.067,0.0,0.0,0.0,-0.021,-0.2,0.088,-0.077,-0.06,0.0
0,480,1,0.0,-0.067,0.0,0.081,0.0,0.0,0.0,0.028,0.143,0.0,-0.042
1,481,0,-0.05,0.0,0.0,0.0,0.0,0.0,0.0,0.125,0.071,0.058,0.04
1,482,1,0.048,0.0,0.0,0.081,0.0,0.02,0.167,0.15,0.071,0.038,-0.042
1,483,1,0.0,0.0,0.0,-0.028,0.0,0.02,0.0,0.1,0.067,0.0,0.0
1,484,1,0.0,0.0,0.0,0.053,-0.143,0.0,-0.167,-0.111,0.067,-0.02,0.0
0,485,1,-0.105,0.0,0.0,0.026,-0.143,0.039,0.0,-0.176,0.067,0.0,-0.091
0,486,0,-0.235,0.0,0.0,0.053,-0.143,-0.02,0.0,-0.29,-0.154,0.0,-0.091
1,487,0,-0.25,-0.071,0.0,-0.056,0.125,0.0,-0.2,-0.2,-0.25,-0.085,-0.136
0,488,1,-0.118,-0.154,0.0,0.0,0.125,-0.041,-0.2,-0.308,-0.154,-0.04,0.0
0,489,0,0.0,-0.154,0.0,-0.027,0.0,-0.042,-0.2,-0.192,-0.083,-0.04,-0.048
1,490,0,0.059,-0.077,0.25,0.077,-0.143,0.02,0.167,-0.304,0.077,0.078,-0.048
1,491,1,0.0,0.0,0.25,0.05,0.0,0.0,0.167,-0.13,0.0,0.02,-0.1
1,492,1,-0.133,-0.182,0.0,0.075,0.125,0.04,0.0,-0.13,-0.091,-0.163,-0.235
1,493,1,0.0,-0.083,-0.333,-0.054,0.125,0.02,-0.2,0.0,0.071,-0.02,0.0
1,494,1,0.0,0.0,-0.333,-0.111,0.0,0.109,-0.2,-0.095,0.071,0.0,0.0
1,495,1,0.167,0.154,0.0,-0.081,0.0,0.074,0.0,-0.045,0.267,0.173,0.19
0,496,1,0.0,0.077,0.0,0.0,0.0,0.056,0.0,0.042,0.067,0.038,0.045
0,497,0,0.0,0.0,0.0,0.053,-0.143,-0.1,0.0,0.125,-0.077,0.019,0.048
0,498,0,-0.125,0.0,0.0,-0.057,-0.143,-0.038,0.0,0.083,-0.154,-0.04,0.125
0,499,0,0.0,0.0,0.0,-0.028,-0.143,-0.102,0.0,0.0,0.531,-0.061,-0.158
1,500,0,0.056,-0.083,0.0,-0.118,0.0,-0.042,0.0,0.04,0.071,-0.061,-0.05
1,501,1,0.0,-0.083,-0.5,0.0,0.125,-0.04,0.0,0.143,-0.182,-0.111,-0.043
1,502,1,0.056,0.071,0.0,0.0,0.0,-0.021,0.0,0.25,-1.286,0.02,0.174
0,503,1,0.182,0.294,0.0,0.0,0.0,0.143,0.286,0.167,0.0,0.058,0.333
0,504,0,0.333,0.429,0.333,0.0,-0.143,0.091,0.5,0.067,0.214,0.1,0.361
1,505,0,0.486,0.263,0.25,0.027,0.222,0.158,0.5,-0.067,0.125,0.038,0.324
1,506,1,0.532,0.0,0.25,0.056,0.125,0.0,0.222,0.032,0.067,0.055,0.032
1,507,1,0.579,-0.167,0.25,0.079,0.125,0.035,-0.111,0.063,0.125,0.091,-0.286
1,508,1,-0.4,-0.056,-0.333,-0.088,-0.125,-0.056,-0.429,0.0,0.059,0.037,-0.133
1,509,1,-1.238,-0.063,-0.333,-0.059,-0.143,-0.098,-0.286,-0.069,0.063,-0.038,-0.069
1,510,1,-1.714,0.053,-0.333,-0.056,0.0,-0.056,-0.125,0.0,0.059,0.0,0.067
1,511,1,-0.25,0.0,0.0,0.056,0.0,-0.019,0.0,0.091,-0.063,-0.019,-0.071
1,512,1,-0.05,0.111,0.25,0.056,0.125,0.019,0.0,0.171,-0.067,-0.019,0.033
0,513,1,-0.4,-0.357,-0.5,-0.161,-0.143,-0.125,-0.333,-0.28,-0.308,-0.341,-0.304
0,514,0,-0.053,-0.125,0.0,-0.2,0.0,-0.019,-0.167,-0.1,-0.231,-0.104,-0.037
1,515,0,-0.053,-0.125,-0.333,-0.125,0.111,0.019,-0.167,-0.094,0.0,-0.061,-0.2
1,516,1,0.118,0.176,0.333,-0.033,0.222,0.111,0.0,0.074,0.0,0.163,0.115
0,517,1,-0.583,0.0,0.0,0.0,0.111,0.055,0.143,-0.667,-0.083,-0.2,-0.08
0,518,0,-0.267,0.158,0.0,-0.143,0.1,0.102,0.143,-0.6,-0.25,-0.14,0.167
1,519,0,0.15,0.227,0.0,0.063,0.308,0.036,0.25,-0.08,0.278,0.109,0.278
0,520,1,0.478,0.238,0.0,0.118,0.25,0.0,0.125,0.357,0.4,0.31,0.306
0,521,0,0.348,0.05,0.0,0.243,0.0,-0.054,0.222,0.31,0.333,0.204,0.167
1,522,0,0.2,-0.048,0.25,0.2,-0.182,0.018,0.111,0.167,0.182,0.068,-0.059
1,523,1,0.115,0.0,0.25,0.105,-0.091,0.018,0.273,0.0,0.048,0.017,-0.059
0,524,1,0.179,0.0,0.0,0.0,-0.25,-0.037,-0.125,0.033,0.053,0.053,-0.059
1,525,0,-0.042,0.0,-0.333,-0.053,-0.375,-0.056,0.0,0.091,-0.222,-0.093,0.0
1,526,1,-0.04,0.045,-0.333,-0.056,-0.222,-0.057,-0.222,0.222,0.0,0.0,0.056
0,527,1,-0.217,0.091,0.0,-0.028,0.0,-0.038,0.111,0.333,0.0,0.0,0.056
1,528,0,-0.091,-0.05,0.0,-0.056,0.111,-0.019,-0.125,0.195,0.1,0.036,-0.063
1,529,1,-0.087,-0.1,0.0,0.053,-0.125,0.0,-0.125,0.357,-0.105,-0.073,-0.091
1,530,1,0.0,-0.158,0.0,-0.029,0.111,0.019,-0.125,0.1,0.095,-0.056,-0.091
0,531,1,0.043,-0.053,0.0,0.077,0.0,0.0,0.111,0.024,0.091,0.0,0.059
1,532,0,0.0,-0.111,0.0,0.026,0.2,0.036,0.111,-0.273,0.136,0.018,-0.031
0,533,1,0.0,-0.118,0.0,0.146,-0.125,0.019,0.2,-0.111,-0.105,-0.038,-0.065
1,534,0,0.0,-0.118,0.0,0.025,-0.125,0.019,-0.125,0.106,-0.1,0.0,-0.097
1,535,1,0.0,-0.125,0.0,-0.026,-0.111,0.0,-0.125,0.083,-0.158,0.0,0.059
0,536,1,-0.045,-0.133,0.0,-0.051,0.0,0.0,-0.429,0.062,0.0,0.037,0.031
1,537,0,-0.045,-0.133,0.0,-0.111,0.0,0.018,-0.333,0.0,-0.111,-0.057,-0.033
1,538,1,-0.095,-0.143,0.0,0.05,-0.286,-0.058,-0.333,-0.091,-0.118,-0.098,-0.172
1,539,1,-0.158,-0.154,-0.5,0.0,-0.333,0.0,-0.167,-0.263,-0.267,-0.149,-0.143
0,540,1,-0.048,-0.071,0.0,0.1,-0.333,-0.019,0.0,-0.343,-0.059,-0.019,-0.154
1,541,0,0.045,0.0,0.0,-0.026,-0.167,0.0,0.0,-0.375,-0.063,0.019,-0.036
0,542,1,0.0,0.071,0.333,0.025,0.0,0.0,-0.2,-0.152,0.063,0.096,0.0
1,543,0,-0.05,0.0,0.0,-0.026,0.0,0.0,0.0,-0.029,0.0,-0.02,0.0
0,544,1,-0.222,-0.077,0.0,0.093,0.0,0.119,0.0,-0.231,0.0,-0.13,-0.037
1,545,0,0.095,-0.077,0.0,-0.026,0.0,0.053,0.167,-0.065,0.059,0.0,0.067
0,546,1,0.091,0.0,0.0,0.0,0.0,0.018,0.0,-0.063,0.0,0.038,0.071
0,547,0,0.143,0.071,0.0,-0.075,0.0,-0.073,0.0,0.037,0.111,0.148,0.069
1,548,0,0.045,0.071,0.0,0.025,0.0,-0.018,0.25,-0.107,0.056,0.071,-0.034
1,549,1,-0.048,-0.077,0.0,0.0,-0.2,-0.019,0.143,-0.103,-0.063,0.0,-0.037
1,550,1,-0.05,-0.167,0.0,-0.081,-0.2,-0.058,0.0,-0.038,-0.125,-0.059,-0.074
1,551,1,-0.158,0.0,0.0,-0.081,-0.2,-0.037,-0.333,-0.077,0.0,-0.057,0.065
1,552,1,-0.105,0.0,0.0,0.0,0.0,-0.019,-0.167,-0.115,0.0,0.0,0.036
0,553,1,-0.053,0.077,-0.5,0.026,0.0,0.0,0.0,0.133,-0.067,-0.041,0.069
1,554,0,0.095,0.067,0.0,0.0,0.0,-0.038,0.0,0.103,-0.059,0.0,0.031
0,555,1,0.136,0.188,0.0,-0.026,0.0,-0.019,0.25,0.133,0.2,0.07,0.125
0,556,0,0.095,0.188,0.333,0.026,0.0,-0.02,0.25,0.0,0.167,0.125,0.094
0,557,0,0.045,0.063,0.0,0.051,0.0,0.0,0.25,0.121,0.15,0.054,-0.032
0,558,0,0.0,0.059,0.25,0.026,0.0,-0.04,0.273,0.0,0.0,0.0,0.03
1,559,0,0.045,0.158,0.571,0.049,0.0,0.0,0.5,0.091,0.28,0.097,-0.032
1,560,1,0.0,0.059,0.4,-0.026,0.0,-0.02,0.111,0.0,0.091,0.034,0.061
1,561,1,0.0,0.0,0.0,-0.054,0.0,0.02,-0.222,0.063,0.091,0.0,0.0
1,562,1,0.043,-0.118,-0.75,-0.051,0.0,0.038,-0.778,-0.031,-0.19,-0.107,0.088
1,563,1,0.043,0.0,-0.667,0.0,0.0,0.0,0.0,0.0,-0.048,-0.074,-0.031
1,564,1,0.043,-0.063,-0.333,-0.057,0.0,0.038,-0.125,0.03,-0.158,-0.075,-0.031
1,565,1,-0.353,-0.214,-0.333,-0.219,-0.25,-0.082,-0.125,-0.231,-0.312,-0.302,-0.36
0,566,1,0.042,0.056,0.0,-0.152,0.0,0.073,-0.125,0.0,-0.167,-0.019,0.03
1,567,0,0.0,0.111,0.25,0.0,0.0,0.019,0.111,0.057,0.0,0.0,0.03
1,568,1,0.15,0.333,0.4,0.111,0.2,0.093,0.273,0.257,0.158,0.218,0.265
0,569,1,-0.714,-0.125,0.25,0.083,0.0,-0.058,0.111,-0.737,-0.125,-0.293,-0.138
0,570,0,-0.353,0.0,-0.333,-0.029,0.0,0.053,0.0,-0.842,-0.357,-0.205,0.0
0,571,0,0.048,0.0,0.0,-0.029,0.167,0.036,-0.1,-0.346,0.05,0.018,0.128
1,572,0,0.364,0.158,0.0,-0.029,0.167,0.037,0.0,0.269,0.158,0.281,0.216
0,573,1,0.292,0.0,0.0,0.081,0.167,-0.056,0.0,0.269,0.125,0.185,0.083
1,574,0,0.16,-0.105,-0.25,0.079,0.0,0.0,-0.111,0.071,0.0,0.034,-0.083
1,575,1,0.12,-0.056,0.0,0.0,0.0,0.018,0.0,0.103,0.05,-0.018,0.026
1,576,1,0.0,0.053,0.25,-0.028,-0.2,0.0,0.0,0.133,0.273,0.036,0.027
0,577,1,-0.087,-0.056,-0.333,-0.086,-0.2,-0.057,0.0,0.067,0.0,-0.094,0.0
0,578,0,-0.042,0.053,-0.333,0.028,-0.2,-0.019,-0.125,0.094,0.13,0.0,-0.056
0,579,0,-0.091,-0.056,0.0,-0.059,0.0,0.0,0.0,0.0,0.083,0.0,0.026
1,580,0,0.0,0.0,0.25,0.054,0.0,0.019,0.0,0.063,0.0,0.07,-0.091
0,581,1,-0.043,-0.118,0.25,-0.059,0.0,0.0,0.0,0.0,-0.211,0.0,0.0
1,582,0,0.043,-0.125,0.0,0.081,0.0,0.018,-0.125,0.167,-0.2,-0.037,-0.027
1,583,1,-0.045,-0.2,0.0,0.098,0.0,0.0,0.0,0.086,-0.053,-0.096,0.057
0,584,1,-0.045,-0.063,0.0,0.056,0.0,0.0,0.0,0.135,-0.056,-0.037,-0.091
1,585,0,0.042,0.059,0.0,0.026,0.0,0.035,0.111,0.077,0.0,0.053,-0.028
0,586,1,0.083,0.167,0.0,-0.079,0.0,0.018,0.0,0.146,0.174,0.088,0.028
1,587,0,0.083,0.059,-0.333,0.053,0.0,0.053,0.0,0.098,0.182,0.036,0.057
1,588,1,-0.091,-0.133,0.0,0.026,-0.25,0.034,-0.125,0.0,0.048,-0.036,-0.091
0,589,1,-0.091,-0.2,0.0,0.026,-0.25,0.0,-0.286,-0.108,-0.211,-0.075,-0.125
0,590,0,-0.143,-0.133,0.0,0.095,-0.25,-0.036,-0.143,-0.242,-0.158,-0.077,-0.094
0,591,0,-0.158,-0.154,-0.333,0.0,0.0,-0.113,-0.333,-0.3,-0.312,-0.17,-0.138
1,592,0,-0.048,-0.071,-0.333,0.025,0.2,0.0,-0.167,-0.233,-0.118,-0.019,0.0
1,593,1,0.0,-0.154,0.25,-0.05,0.0,-0.019,0.0,-0.179,-0.118,0.0,0.0
0,594,1,0.095,-0.083,0.25,0.049,0.0,0.07,0.0,-0.154,0.059,0.06,0.147
0,595,0,0.045,0.0,0.25,-0.026,0.0,0.0,0.143,-0.154,0.056,0.0,-0.067
1,596,0,0.344,0.133,0.333,0.167,0.2,0.156,0.417,0.378,0.19,0.055,-0.103
1,597,1,0.323,0.25,0.429,0.212,0.2,0.05,0.714,0.35,0.261,0.167,-0.097
0,598,1,0.154,0.0,0.2,0.071,0.0,0.052,0.222,0.188,0.143,0.071,0.091
1,599,0,-0.391,0.0,-0.5,-0.143,0.0,-0.123,-0.5,-0.875,0.087,0.052,0.194
0,600,1,-0.409,-0.067,-0.4,-0.182,0.0,-0.053,-1.333,-0.667,-0.15,-0.071,0.0
1,601,0,-0.13,0.067,-0.25,-0.024,-0.25,-0.036,-0.125,-0.391,0.045,0.0,-0.1
0,602,1,-0.045,0.0,0.2,-0.024,0.0,-0.036,0.0,0.0,-0.095,-0.018,-0.125
1,603,0,-0.048,0.118,0.286,0.0,-0.25,-0.056,0.4,0.04,0.091,0.0,0.031
0,604,1,0.0,0.483,0.846,0.388,0.0,0.0,0.852,0.148,0.476,0.282,0.189
1,605,0,0.0,0.167,0.615,0.196,-0.25,0.035,0.556,0.385,0.087,0.081,0.03
0,606,1,0.045,-0.133,0.125,0.022,0.0,0.0,-0.154,0.457,-0.294,-0.098,-0.067
0,607,0,0.042,-0.812,-2.25,-0.595,0.0,-0.057,-3.5,0.4,-1.211,-0.393,-0.194
1,608,0,0.083,-0.125,-0.857,-0.214,0.0,-0.075,-0.636,0.0,-0.211,-0.107,-0.138
1,609,1,0.043,0.0,-0.143,-0.098,0.0,0.0,-0.083,-0.211,0.19,0.121,0.063
1,610,1,0.04,0.0,-0.333,0.045,0.0,-0.019,-0.091,-0.154,-0.056,0.0,0.031
1,611,1,0.04,-0.067,-0.4,0.0,0.0,-0.019,0.0,-0.054,0.0,-0.018,0.033
1,612,1,0.115,0.118,-0.4,-0.051,0.0,-0.038,-0.333,0.026,-0.105,-0.036,0.0
1,613,1,0.038,0.0,-0.5,-0.189,0.0,-0.02,-0.222,0.235,0.1,0.0,0.059
0,614,1,0.038,0.118,-0.25,-0.024,0.0,0.0,-0.222,0.339,0.0,0.018,0.118
1,615,0,-0.083,-0.133,-0.25,0.0,0.2,0.0,0.1,0.187,-0.056,-0.037,0.03
0,616,1,-0.083,0.0,0.0,0.051,0.0,0.019,0.0,-0.109,-0.176,-0.077,-0.063
1,617,0,-0.444,-0.417,-0.333,-0.242,0.0,-0.083,-0.125,-0.931,-0.462,-0.333,-0.259
0,618,1,0.0,0.0,-0.333,-0.147,0.0,0.019,-0.111,-0.2,-0.059,-0.038,-0.031
0,619,0,0.0,-0.067,0.0,-0.083,0.2,0.0,0.0,-0.095,0.056,0.019,0.0
1,620,0,0.217,0.25,0.4,0.083,0.2,0.127,0.111,0.171,0.235,0.192,0.156
0,621,1,-0.6,-0.154,0.0,0.056,-0.25,0.019,-0.125,-0.818,-0.417,-0.3,-0.28
0,622,0,-0.333,0.0,-0.333,-0.059,0.0,0.088,-0.125,-0.909,-0.286,-0.293,0.0
0,623,0,0.0,0.2,0.5,0.143,0.167,0.113,0.55,-0.167,0.105,0.088,0.179
1,624,0,0.423,0.316,0.7,0.182,0.333,0.156,0.6,0.333,0.455,0.286,0.342
1,625,1,0.25,0.25,0.727,0.32,0.167,0.017,0.636,0.56,0.263,0.241,0.111
0,626,1,0.148,-0.053,-0.25,-0.024,0.0,-0.016,-0.429,0.318,0.05,-0.018,-0.054
0,627,0,0.133,-0.056,-0.429,-0.023,0.0,-0.085,-0.538,0.195,0.0,0.018,-0.056
1,628,0,0.172,-0.053,-0.222,-0.136,-0.2,0.033,-0.375,-0.19,0.174,0.069,-0.029
1,629,1,0.518,-0.118,-0.143,0.068,-0.2,-0.07,-0.077,-0.073,-0.176,-0.098,-0.028
1,630,1,0.167,-0.059,0.0,-0.024,-0.2,-0.035,-0.182,0.0,-0.222,-0.075,0.0
1,631,1,0.0,-0.118,-0.5,-0.1,0.0,-0.071,-0.455,-0.077,-0.278,-0.074,0.0
1,632,1,-1.0,0.056,-0.167,-0.128,-0.25,-0.056,-0.182,0.024,0.0,0.019,-0.059
0,633,1,-0.385,0.0,-0.167,-0.024,-0.25,-0.056,-0.222,-0.051,-0.125,-0.019,-0.125
1,634,0,-0.115,-0.133,-0.2,0.048,-0.25,-0.037,0.0,-0.026,-0.2,-0.149,-0.029
0,635,1,-0.077,-0.125,-0.2,0.025,0.0,0.036,-0.222,-0.077,0.0,0.0,0.029
1,636,0,0.071,-0.063,-0.2,-0.051,0.0,0.069,0.0,0.071,-0.067,-0.02,0.158
1,637,1,0.103,0.118,0.0,-0.05,0.2,0.053,-0.222,0.136,0.063,0.096,0.056
0,638,1,0.037,0.059,0.0,0.0,0.0,0.034,0.0,0.133,0.0,0.0,0.054
0,639,0,0.0,0.059,-0.25,-0.026,0.0,-0.018,0.0,0.045,0.167,0.019,-0.152
0,640,0,-0.036,-0.063,-0.25,-0.026,-0.25,0.0,0.0,0.0,0.059,-0.02,-0.059
0,641,0,0.036,-0.063,-0.25,-0.026,0.0,0.065,-0.125,-0.098,-0.063,-0.04,-0.156
1,642,0,-0.167,-0.133,0.0,0.026,0.0,0.109,-0.125,-0.158,-0.286,-0.083,-0.065
0,643,1,-0.273,-0.143,0.0,0.025,0.0,0.034,-0.125,-0.257,-0.063,-0.063,-0.097
1,644,0,-0.333,-0.333,-0.333,-0.054,0.0,-0.051,-0.333,-0.414,-0.231,-0.111,-0.103
0,645,1,0.143,-0.154,0.0,0.0,0.0,-0.123,-0.143,-0.188,0.067,0.077,0.0
0,646,0,-0.048,-0.077,0.0,-0.026,0.0,-0.054,-0.143,-0.094,-0.143,0.0,-0.033
1,647,0,0.125,0.368,0.7,0.327,0.0,0.033,0.684,-0.036,0.435,0.167,0.121
1,648,1,-0.217,0.278,0.6,0.304,0.0,0.0,0.588,-0.067,0.25,0.037,0.031
1,649,1,0.0,0.071,0.2,0.093,0.0,-0.018,0.125,-0.231,0.0,-0.067,0.032
1,650,1,-0.043,-0.118,-0.667,-0.279,0.0,-0.13,-1.111,0.0,-0.278,-0.08,0.0
0,651,1,0.08,-0.2,-1.0,-0.4,0.0,-0.036,-1.125,-0.111,-0.111,-0.125,0.0
1,652,0,0.192,0.067,-0.25,-0.075,0.0,0.0,0.0,0.188,0.263,0.1,0.031
1,653,1,0.0,-0.214,-0.5,-0.103,0.0,0.0,-0.286,-0.077,-0.059,-0.042,-0.031
0,654,1,-0.136,-0.154,-0.25,-0.081,0.0,-0.058,-0.143,-0.125,-0.059,-0.067,-0.143
0,655,0,-0.238,-0.154,0.0,-0.143,0.0,-0.058,-0.333,-0.455,-0.357,-0.111,-0.103
1,656,0,-0.045,-0.077,0.0,-0.114,0.0,-0.038,-0.167,-0.083,-0.133,-0.067,0.61
0,657,1,0.0,0.0,-0.333,0.026,0.0,0.0,-0.167,0.111,-0.308,0.0,0.472
1,658,0,0.045,0.071,-0.333,0.103,0.0,0.037,0.25,0.154,0.0,-0.098,0.094
1,659,1,0.12,0.071,0.0,0.103,0.0,0.019,0.25,0.2,0.0,0.043,-1.485
1,660,1,0.083,0.133,0.25,-0.056,0.0,0.0,0.25,0.206,0.235,0.0,-0.656
0,661,1,0.214,0.067,0.25,0.0,0.0,-0.038,0.0,0.212,0.125,0.109,0.135
0,662,0,0.038,0.067,-0.333,-0.054,0.0,-0.039,0.0,0.091,0.0,-0.044,0.057
1,663,0,0.111,-0.071,-0.333,0.053,0.0,-0.02,0.111,-0.03,-0.133,0.0,-0.032
1,664,1,0.097,0.0,-0.333,-0.054,0.0,0.0,0.0,0.0,-0.067,0.0,-0.028
0,665,1,0.037,0.063,0.0,-0.057,0.0,0.019,0.0,0.029,0.118,0.022,0.054
1,666,0,-0.038,0.125,0.0,0.026,0.0,0.019,0.0,0.029,0.063,0.043,0.114
1,667,1,0.0,0.531,0.833,0.543,0.0,0.0,0.84,-0.1,0.605,0.132,0.053
1,668,1,0.069,0.273,0.5,0.103,0.0,0.055,0.273,0.081,0.19,0.098,0.098
1,669,1,-0.238,0.059,0.25,-0.114,-0.333,-0.04,0.1,-0.259,0.0,-0.205,-0.129
1,670,1,-0.148,-0.684,-3.5,-1.25,0.2,0.055,-4.556,0.211,-1.0,-0.128,-0.027
1,671,1,-0.036,-0.1,-0.2,-0.054,0.0,0.018,-0.222,0.026,-0.05,-0.063,-0.079
1,672,1,0.125,0.105,0.333,-0.061,0.25,0.074,-0.111,0.27,0.158,0.187,0.114
0,673,1,-0.5,-0.118,0.2,0.0,-0.25,-0.038,0.0,-0.407,-0.188,-0.146,-0.194
1,674,0,-0.556,-0.111,-0.25,-0.057,0.0,-0.077,0.1,-0.81,-0.429,-0.297,-0.188
0,675,1,-0.043,0.136,-0.2,0.0,0.333,0.053,0.1,-0.48,-0.267,-0.067,0.167
0,676,0,0.333,0.227,0.0,-0.059,0.2,0.07,0.0,0.069,0.158,0.109,0.205
1,677,0,0.419,0.143,0.0,0.054,0.2,0.119,0.0,0.276,0.263,0.178,0.256
0,678,1,0.281,0.12,0.375,0.108,-0.2,0.081,0.091,0.242,0.318,0.082,-0.024
1,679,0,0.069,0.12,0.286,0.128,0.0,0.066,0.25,0.237,0.095,0.115,0.093
1,680,1,-0.148,0.087,0.2,-0.028,0.0,-0.017,0.0,0.121,0.05,0.062,0.023
1,681,1,-0.185,-0.042,-0.333,0.051,-0.25,-0.088,0.0,0.057,-0.048,0.039,0.047
1,682,1,0.065,-0.136,-0.4,0.0,-0.25,-0.07,-0.091,-0.086,-0.105,-0.083,0.044
0,683,1,0.156,0.115,0.286,0.077,-0.25,-0.018,0.167,0.057,0.13,0.094,0.12
1,684,0,0.036,-0.091,-0.2,0.0,0.0,-0.018,-0.1,0.0,-0.05,-0.041,0.065
0,685,1,-0.148,-0.158,-0.25,-0.083,0.0,-0.056,-0.222,-0.061,0.0,-0.043,-0.154
1,686,0,-0.185,-0.3,-0.167,-0.026,0.0,-0.036,-0.091,0.054,-0.095,-0.104,-0.25
0,687,1,-0.077,-0.1,0.0,0.0,0.0,0.018,0.0,0.079,0.0,0.0,-0.07
0,688,0,-0.038,0.0,0.2,0.077,0.0,0.018,0.0,0.154,0.0,0.042,0.049
1,689,0,0.0,-0.053,-0.5,0.073,0.0,0.0,0.0,0.026,-0.235,-0.043,-0.026
1,690,1,0.037,-0.053,-0.25,-0.026,0.0,-0.018,-0.111,0.05,-0.053,-0.043,-0.049
1,691,1,0.071,0.05,0.167,0.025,0.0,0.035,0.1,0.133,0.136,0.077,0.024
0,692,1,0.0,0.0,0.0,-0.051,0.0,0.052,-0.222,0.136,0.227,0.098,0.071
0,693,0,-0.08,-0.056,0.0,0.026,0.0,0.018,0.0,0.024,0.095,0.021,0.024
1,694,0,-0.167,-0.111,0.0,-0.053,0.0,-0.036,0.091,-0.25,0.043,-0.083,-0.05
1,695,1,-0.174,-0.056,0.2,-0.026,0.0,-0.036,-0.125,-0.257,-0.1,-0.133,0.045
1,696,1,-0.136,-0.059,0.0,0.0,0.0,0.0,-0.125,-0.367,-0.105,-0.143,-0.05
1,697,1,-0.043,0.0,-0.2,0.073,0.0,0.035,-0.375,-0.2,0.042,-0.067,0.0
1,698,1,-0.045,-0.059,0.0,0.026,0.0,0.0,0.0,-0.207,0.2,0.0,-0.073
0,699,1,0.043,0.105,0.2,0.0,0.0,0.066,0.0,-0.154,0.136,0.087,0.111
1,700,0,0.0,-0.059,0.0,0.024,0.0,0.0,0.111,-0.2,0.0,0.043,-0.026
1,701,1,0.0,0.0,-0.25,0.114,0.0,0.018,0.0,-0.208,-0.19,-0.047,-0.079
0,702,1,0.0,-0.056,-0.25,0.114,0.0,-0.034,-0.143,-0.13,-0.1,0.042,-0.125
1,703,0,0.0,0.056,-0.25,0.0,0.0,0.017,-0.125,-0.042,-0.091,0.021,0.0
1,704,1,0.043,0.056,0.2,-0.048,0.0,0.0,0.0,0.0,0.192,0.122,0.136
0,705,1,0.115,0.053,0.333,-0.048,0.0,-0.017,0.222,0.08,0.2,0.04,0.048
0,706,0,0.042,0.053,0.333,0.0,0.0,-0.036,0.2,0.172,0.043,0.0,0.133
1,707,0,-0.045,-0.059,0.167,-0.077,0.0,-0.036,0.111,0.0,-0.13,-0.021,0.0
1,708,1,-0.13,-0.267,-0.2,-0.2,-0.333,-0.074,-0.125,-0.087,-0.316,-0.111,0.023
0,709,1,-0.043,-0.118,-0.2,-0.135,0.0,0.097,-0.25,0.0,-0.15,-0.067,-0.023
1,710,0,0.154,-0.133,-0.5,-0.054,0.0,-0.019,-0.125,0.143,-0.353,-0.143,-0.1
1,711,1,0.115,0.118,0.0,0.103,0.25,0.036,0.0,0.207,0.05,0.062,-0.075
1,712,1,0.115,0.056,0.0,0.026,0.0,-0.127,0.0,0.065,0.048,0.062,-0.048
1,713,1,0.071,0.118,0.0,0.026,0.0,0.053,0.0,0.176,0.15,0.125,0.07
1,714,1,0.037,0.433,0.0,0.0,0.0,-0.037,0.111,0.194,0.0,0.0,0.07
1,715,1,0.0,0.217,-0.25,0.026,0.0,-0.019,0.2,0.061,-0.05,0.0,0.045
1,716,1,-0.037,0.15,0.333,0.0,0.0,-0.056,0.2,0.029,0.091,0.02,0.085
1,717,1,-0.038,-0.429,0.167,-0.026,0.0,0.018,0.182,0.122,0.2,0.04,0.104
0,718,1,0.0,-0.095,0.2,-0.054,0.0,0.018,0.0,0.132,0.2,0.077,0.102
0,719,0,-0.038,0.048,-0.2,-0.027,0.0,0.036,0.091,0.0,0.043,0.02,0.113
1,720,0,0.0,0.045,-0.2,0.026,0.0,0.035,0.0,-0.079,-0.087,0.038,0.04
1,721,1,-0.368,-0.167,-0.25,0.0,-0.333,-0.058,0.0,-0.31,-0.471,-0.368,-0.14
1,722,1,0.037,0.16,0.286,0.0,0.0,0.051,0.083,0.407,0.207,0.315,0.274
1,723,1,0.037,0.154,0.167,0.025,0.0,0.034,0.083,0.156,0.148,0.297,0.405
1,724,1,0.208,0.333,0.333,0.051,0.25,0.133,0.091,0.31,0.261,0.457,0.552
0,725,1,-0.174,0.074,0.0,0.026,0.0,0.033,0.0,-0.903,-0.16,-0.074,0.12
1,726,0,-0.421,0.037,-0.2,-0.081,0.0,0.169,-0.2,-0.957,-0.5,-0.396,-0.151
1,727,1,-0.043,0.156,0.0,-0.114,0.2,0.13,0.0,-0.556,0.042,-0.129,-0.129
1,728,1,0.08,0.129,0.0,-0.056,0.2,0.076,0.077,-0.033,0.038,0.014,-0.051
1,729,1,0.208,0.0,0.375,0.075,0.2,-0.127,0.375,0.258,0.28,0.209,-0.074
0,730,1,0.115,-0.103,0.25,0.125,0.0,-0.131,0.214,0.206,0.2,0.127,-0.25
0,731,0,0.107,-0.033,0.462,0.163,0.167,-0.031,0.409,0.167,0.161,-0.062,-0.274
1,732,0,0.172,0.27,0.818,0.286,0.0,-0.016,0.742,0.114,0.5,0.043,-0.115
1,733,1,0.071,-0.115,0.6,0.091,-0.25,-0.034,0.333,0.029,0.032,-0.268,-0.333
0,734,1,-0.037,0.0,0.0,-0.024,-0.5,-0.032,-0.467,0.4,-0.24,-0.275,-0.292
1,735,0,-0.036,-0.37,-1.75,-0.4,-0.25,-0.033,-2.875,0.205,-0.667,-0.228,-0.22
0,736,1,-0.037,-0.083,-0.25,-0.048,0.0,0.0,-0.312,0.079,-0.069,-0.077,-0.109
0,737,0,-0.038,-0.364,-0.083,-0.135,0.0,-0.107,-0.25,-0.714,0.107,0.019,-0.043
1,738,0,-0.037,-0.125,0.059,0.048,0.0,-0.053,0.111,-0.128,0.091,0.034,-0.087
0,739,1,-0.038,-0.091,0.059,0.087,0.0,-0.017,0.158,0.026,0.121,0.037,-0.045
1,740,0,0.0,0.0,0.478,0.159,0.0,0.051,0.368,0.079,0.2,0.103,-0.022
1,741,1,0.036,-0.143,0.056,0.023,0.0,0.034,-0.2,0.152,-0.138,-0.073,-0.022
0,742,1,0.071,-0.048,-0.214,-0.179,0.0,0.033,-0.583,0.114,-0.269,-0.038,0.102
0,743,0,0.071,-0.158,-0.643,-0.1,0.0,-0.035,-0.583,0.136,-0.207,-0.115,0.043
1,744,0,-0.077,-0.105,-0.5,-0.103,0.0,0.0,-0.364,-0.095,-0.074,-0.038,0.022
0,745,1,-0.167,-0.105,-0.167,0.0,0.0,-0.017,-0.091,-0.073,0.037,0.0,-0.065
1,746,0,-0.273,-0.056,-0.273,-0.081,0.0,0.0,-0.2,-0.189,-0.16,-0.02,-0.093
0,747,1,-0.13,-0.056,-0.091,-0.026,-0.333,-0.054,-0.222,-0.167,-0.174,-0.104,0.021
1,748,0,-0.043,-0.118,-0.091,0.049,0.0,-0.035,-0.1,-0.139,-0.35,-0.156,-0.179
0,749,1,0.043,0.053,0.0,0.075,0.0,0.0,-0.111,-0.028,0.074,-0.02,-0.075
0,750,0,0.0,0.053,0.083,0.095,0.25,0.034,0.0,-0.161,0.115,0.04,-0.146
0,751,0,0.0,0.105,0.214,-0.025,0.0,0.05,0.091,-0.125,0.259,0.082,0.025
1,752,0,0.042,-0.056,0.214,0.048,0.0,-0.056,0.25,-0.241,0.036,0.0,0.0
1,753,1,-0.095,-0.188,-0.2,0.045,0.0,-0.018,0.1,-0.192,-0.238,-0.136,0.0
1,754,1,0.042,-0.056,-0.167,0.13,0.0,-0.053,0.0,-0.231,0.0,0.0,0.111
1,755,1,0.0,0.0,-0.273,-0.024,0.0,0.069,-0.2,-0.16,-0.077,-0.042,0.091
1,756,1,0.125,0.2,0.167,-0.048,0.0,0.017,0.091,0.037,0.382,0.154,0.089
0,757,1,0.04,0.1,-0.091,-0.122,0.0,0.017,0.0,-0.083,0.129,0.058,0.118
1,758,0,0.0,0.053,0.0,0.0,0.0,-0.018,0.0,0.038,0.037,0.04,0.083
1,759,1,0.0,-0.053,-0.091,-0.024,0.0,-0.018,0.0,0.0,-0.308,-0.061,0.062
1,760,1,-0.087,0.0,0.0,-0.051,-0.333,-0.055,0.0,0.077,-0.24,-0.04,-0.063
0,761,1,-0.043,0.095,0.083,0.0,-0.333,-0.018,0.167,0.071,0.069,0.02,0.077
1,762,0,-0.043,0.208,-0.222,0.024,-0.333,0.0,0.0,0.036,0.0,-0.065,0.094
1,763,1,0.148,0.091,-0.1,0.0,0.0,-0.019,-0.1,0.212,0.0,-0.042,0.213
0,764,1,0.115,0.16,-0.091,0.0,0.0,-0.018,0.0,0.176,-0.115,0.019,0.0
0,765,0,0.148,-0.091,0.1,-0.077,0.0,-0.056,-0.1,0.2,-0.04,0.08,-0.082
0,766,0,-0.038,0.083,0.091,0.025,0.25,0.053,0.231,-0.031,0.074,0.059,-0.196
1,767,0,0.0,0.038,0.389,0.089,0.25,0.018,0.571,-0.063,0.35,0.037,-0.083
0,768,1,0.069,0.083,0.375,0.049,0.0,0.036,0.412,-0.029,0.194,0.0,-0.021
1,769,0,0.071,0.0,0.421,0.048,-0.333,0.034,0.409,0.086,0.308,0.019,-0.109
1,770,1,0.037,-0.182,0.0,-0.047,0.0,0.034,-0.556,0.059,-0.212,-0.038,-0.067
0,771,1,-0.074,-0.143,-0.067,-0.051,0.25,0.018,-0.133,0.029,-0.107,-0.064,-0.091
0,772,0,-0.077,-0.263,-0.188,-0.077,0.25,-0.054,-0.375,0.0,-0.393,-0.083,-0.07
1,773,0,-0.35,-0.222,-0.286,-0.103,-0.333,-0.115,0.0,-0.308,-0.375,-0.333,-0.324
0,774,1,-0.038,-0.05,0.063,0.025,0.0,0.034,0.0,0.028,-0.037,0.021,-0.023
0,775,0,0.071,0.095,0.238,0.235,0.0,0.051,0.385,0.103,0.097,0.04,0.085
0,776,0,0.259,0.1,0.3,0.0,0.25,0.133,0.0,0.381,0.111,0.22,0.209
1,777,0,-0.083,0.259,0.429,0.091,0.0,0.048,0.483,-0.161,0.229,0.02,-0.024
1,778,1,-0.4,0.16,0.364,-0.063,0.0,0.017,0.297,-0.773,0.139,-0.163,-0.093
1,779,1,-0.038,0.091,0.2,0.025,0.2,0.032,0.182,-0.75,0.036,-0.111,0.065
1,780,1,0.04,-0.125,-0.333,-0.257,0.333,0.0,-0.933,-0.033,-0.346,-0.021,0.16
1,781,1,0.167,-0.042,-0.833,-0.371,0.333,0.016,-1.846,0.241,-0.5,0.023,0.173
1,782,1,-0.083,-0.048,-0.667,-0.111,0.167,-0.016,-0.692,0.143,-0.167,-0.071,0.098
1,783,1,-0.042,0.0,-0.312,-0.029,-0.2,0.0,-0.364,-0.034,-0.04,-0.021,0.123
1,784,1,0.0,0.0,-0.286,-0.029,-0.2,0.0,-0.182,0.033,-0.043,0.043,0.071
1,785,1,0.172,0.087,0.0,-0.059,-0.2,-0.017,-0.182,0.097,0.0,0.067,0.019
0,786,1,0.04,-0.043,-0.231,0.081,-0.25,-0.033,0.0,0.065,-0.25,-0.068,-0.056
0,787,0,0.077,-0.043,0.0,0.029,-0.25,0.016,-0.1,0.091,0.042,0.042,-0.018
1,788,0,-0.16,-0.045,-0.071,0.029,-0.25,-0.017,0.0,0.061,-0.091,0.0,0.055
0,789,1,-0.042,-0.045,0.0,-0.057,0.0,-0.034,-0.1,-0.033,0.167,0.0,-0.059
1,790,0,-0.13,0.0,0.0,0.054,0.0,-0.069,0.091,-0.065,0.0,-0.091,-0.058
1,791,1,-0.087,0.043,0.0,0.054,0.0,-0.035,-0.1,-0.031,0.154,-0.023,-0.078
0,792,1,-0.043,0.043,0.071,0.103,0.0,0.033,0.0,0.118,0.04,0.064,0.0
1,793,0,0.042,-0.045,-0.077,0.026,0.0,0.017,-0.222,0.114,-0.091,0.0,0.0
0,794,1,-0.045,-0.15,-0.167,0.051,0.0,0.066,0.091,0.059,-0.238,-0.048,-0.063
0,795,0,0.08,-0.045,-0.167,-0.054,0.0,-0.017,0.0,0.081,0.038,-0.044,0.019
0,796,0,0.0,0.0,-0.083,-0.056,0.0,0.048,0.1,0.079,0.154,0.043,0.019
0,797,0,0.0,0.091,0.333,0.049,0.0,-0.034,0.214,0.105,0.25,0.106,0.04
0,798,0,-0.136,0.0,0.4,0.098,0.0,0.017,0.333,-0.057,0.037,0.043,-0.061
0,799,0,-0.091,-0.222,0.2,0.077,0.0,0.0,0.0,-0.188,-0.13,-0.045,-0.178
1,800,0,-0.158,-0.294,-0.385,-0.051,0.0,0.0,-0.4,-0.357,-0.333,-0.119,-0.136
1,801,1,-0.1,-0.158,-0.25,-0.051,0.0,-0.034,-0.5,-0.346,-0.038,-0.044,-0.021
1,802,1,-0.048,0.053,-0.071,0.0,0.0,-0.088,-0.111,-0.032,0.0,0.064,0.062
0,803,1,0.095,0.15,0.133,0.049,0.0,-0.017,0.0,-0.037,0.125,0.087,0.12
1,804,0,0.2,0.0,-0.143,0.049,0.0,0.0,-0.111,0.0,-0.083,0.0,0.02
1,805,1,-0.105,-0.118,-0.167,0.133,0.0,0.017,0.1,-0.409,-0.095,-0.175,-0.143
0,806,1,0.045,-0.053,-0.071,-0.025,0.0,0.049,-0.111,-0.174,0.0,0.0,0.123
1,807,0,-0.087,-0.056,0.0,-0.025,0.0,0.049,-0.125,-0.13,-0.091,0.022,0.039
0,808,1,0.208,0.105,0.0,-0.125,0.0,0.065,-0.25,0.043,0.087,0.13,0.125
0,809,0,0.043,0.0,0.067,-0.026,0.0,0.032,0.1,-0.045,0.0,0.148,-0.075
0,810,0,-0.045,0.182,0.417,0.07,0.0,-0.017,0.529,0.08,0.29,0.303,-0.063
0,811,0,-0.043,0.174,0.538,0.07,0.0,-0.051,0.6,0.042,0.233,0.324,0.02
1,812,0,0.042,0.05,0.286,0.049,0.0,-0.086,0.286,0.083,0.077,0.217,-0.104
1,813,1,0.0,-0.222,-0.143,0.0,-0.333,-0.034,-0.308,-0.042,-0.292,-0.2,-0.091
1,814,1,-0.15,-0.353,-0.857,-0.132,-0.333,-0.017,-1.0,0.04,-0.667,-0.545,-0.021
0,815,1,-0.043,-0.053,-0.312,-0.051,-0.333,0.237,-0.4,0.077,-0.083,-0.5,0.094
0,816,0,0.0,0.053,-0.4,-0.103,0.0,0.033,-0.3,0.172,-0.143,-0.196,0.083
0,817,0,0.13,0.056,0.0,0.073,0.25,-0.018,0.0,0.167,0.182,0.022,0.0
1,818,0,0.0,-0.056,0.059,0.0,0.25,-0.31,0.167,0.103,-0.091,0.08,-0.128
0,819,1,0.0,-0.056,0.063,-0.026,0.25,-0.053,0.0,0.033,0.0,0.115,0.0
1,820,0,-0.045,0.0,0.0,-0.139,0.0,0.0,0.0,0.063,-0.1,0.151,-0.043
1,821,1,0.0,0.053,-0.308,-0.054,0.0,-0.018,-0.333,0.033,0.0,0.02,0.041
1,822,1,0.043,0.1,-0.143,-0.118,0.0,0.0,-0.111,-0.034,0.0,0.019,-0.021
1,823,1,0.083,0.143,0.067,0.027,0.0,0.017,0.091,0.0,0.167,0.019,0.08
0,824,1,0.0,0.05,0.0,-0.028,0.0,0.0,0.182,0.032,0.0,0.0,-0.021
1,825,0,0.0,0.048,-0.077,0.081,0.0,0.017,0.0,0.147,0.0,-0.039,0.078
0,826,1,-0.412,-0.235,-0.5,-0.028,-0.333,-0.094,-0.1,-0.185,-0.412,-0.286,-0.25
1,827,0,0.0,0.0,0.0,0.0,0.0,0.034,-0.1,0.279,-0.1,0.019,0.059
1,828,1,0.0,-0.05,0.0,0.0,0.0,0.017,0.1,0.585,-0.05,0.0,-0.02
1,829,1,0.15,0.15,0.286,-0.029,0.25,0.086,0.091,0.25,0.261,0.176,0.111
0,830,1,-0.438,0.0,-0.182,0.027,0.0,0.0,0.0,-0.87,0.091,-0.238,-0.133
1,831,0,-0.15,0.231,-0.083,-0.028,0.2,0.063,0.167,-2.154,0.0,-0.063,0.167
1,832,1,0.167,0.286,0.125,0.0,0.2,0.108,0.083,0.053,0.148,0.073,0.262
0,833,1,0.36,0.286,0.267,-0.057,0.2,0.078,0.167,0.558,0.185,0.25,0.262
0,834,0,0.2,-0.04,0.077,0.077,0.0,0.016,0.0,0.235,0.13,0.094,-0.017
1,835,0,0.077,-0.037,0.059,0.146,0.0,-0.048,0.2,-0.267,0.0,0.052,-0.052
1,836,1,0.038,0.067,0.167,0.146,0.0,0.03,0.2,-0.733,0.0,0.082,0.047
0,837,1,0.107,0.167,0.188,0.025,0.0,-0.016,0.077,-0.063,0.179,0.102,0.119
0,838,0,0.037,0.069,-0.214,-0.025,0.0,0.016,-0.071,0.091,-0.125,-0.018,0.094
1,839,0,0.071,0.4,0.654,0.293,-0.25,0.015,0.717,0.143,0.5,0.218,0.111
0,840,1,-0.077,0.333,0.692,0.286,-0.25,0.016,0.698,0.086,0.404,0.253,-0.015
0,841,0,-0.125,0.685,0.86,0.529,0.0,-0.033,0.86,0.25,0.657,0.43,0.319
1,842,0,-0.167,0.5,0.475,0.376,0.902,0.118,0.338,0.426,0.169,0.212,0.273
0,843,1,0.071,0.483,0.35,0.211,0.947,0.229,0.232,0.417,0.096,0.141,0.298
1,844,0,0.0,-0.559,-0.852,-0.328,0.95,0.228,-1.941,0.185,-0.944,-0.333,-0.27
1,845,1,0.0,-0.754,-1.062,-0.368,0.554,0.095,-1.162,-0.298,-1.097,-0.456,-0.32
0,846,1,-0.037,-0.45,-0.905,-0.34,0.185,0.17,-0.931,-0.364,-0.333,-0.296,-0.16
0,847,0,0.04,0.092,-0.459,-0.455,-0.163,0.132,-0.308,-0.256,-0.029,-0.071,0.26
1,848,0,0.04,0.0,-0.412,-0.511,-0.165,0.012,-0.542,-0.175,0.061,0.014,0.074
0,849,1,-0.125,-0.25,-0.312,-0.205,-0.353,-0.299,-0.381,-0.128,-0.147,-0.06,-0.095
1,850,0,-0.042,-0.413,-0.194,-0.048,-0.284,-0.182,-0.238,-0.194,-0.029,-0.061,-0.493
1,851,1,-0.136,-0.213,-0.063,-0.098,-0.254,-0.181,-0.2,-0.053,0.0,-0.078,-0.157
1,852,1,-0.263,-0.171,-0.185,-0.158,-0.133,-0.167,-0.167,0.17,-0.172,-0.155,-0.233
0,853,1,-0.263,0.115,0.061,-0.024,-0.218,-0.222,0.0,0.053,0.081,0.015,-0.015
1,854,0,-0.1,0.299,0.2,0.068,-0.212,-0.108,0.333,0.0,0.4,0.123,0.146
