Target,index,lag_1,debt,stocks,dow_jones,markets,unemployment,money,stock_market,crisis,nasdaq,finance,invest
1,0,0,0.263,0.313,0.02,0.46,0.047,0.383,0.09,0.337,0.357,0.39,0.213
1,1,1,0.257,0.293,0.02,0.427,0.047,0.39,0.09,0.36,0.327,0.39,0.22
0,2,1,0.253,0.29,0.017,0.443,0.047,0.4,0.087,0.383,0.3,0.393,0.207
0,3,0,0.253,0.29,0.013,0.473,0.047,0.42,0.087,0.403,0.283,0.387,0.223
1,4,0,0.26,0.29,0.013,0.51,0.043,0.427,0.087,0.393,0.283,0.39,0.243
0,5,1,0.243,0.287,0.017,0.523,0.04,0.43,0.093,0.373,0.31,0.4,0.257
0,6,0,0.227,0.27,0.02,0.503,0.04,0.42,0.09,0.373,0.323,0.407,0.25
1,7,0,0.223,0.263,0.017,0.513,0.037,0.423,0.083,0.41,0.403,0.39,0.257
1,8,1,0.23,0.26,0.017,0.5,0.04,0.423,0.08,0.44,0.55,0.377,0.277
0,9,1,0.237,0.27,0.017,0.517,0.04,0.417,0.083,0.46,0.547,0.373,0.28
1,10,0,0.24,0.253,0.017,0.493,0.043,0.407,0.08,0.45,0.46,0.397,0.233
1,11,1,0.243,0.247,0.017,0.503,0.04,0.403,0.08,0.453,0.263,0.397,0.217
0,12,1,0.253,0.247,0.013,0.513,0.04,0.42,0.077,0.45,0.253,0.4,0.223
0,13,0,0.257,0.267,0.013,0.563,0.04,0.42,0.083,0.46,0.243,0.387,0.27
0,14,0,0.253,0.253,0.01,0.547,0.037,0.413,0.077,0.457,0.25,0.377,0.257
0,15,0,0.24,0.233,0.01,0.553,0.037,0.403,0.077,0.463,0.243,0.363,0.223
1,16,0,0.227,0.203,0.01,0.527,0.037,0.397,0.073,0.44,0.243,0.36,0.19
1,17,1,0.223,0.207,0.01,0.537,0.04,0.387,0.07,0.413,0.233,0.36,0.193
1,18,1,0.237,0.22,0.01,0.553,0.04,0.387,0.067,0.363,0.243,0.36,0.21
1,19,1,0.23,0.23,0.01,0.553,0.04,0.387,0.063,0.327,0.247,0.363,0.213
0,20,1,0.227,0.23,0.01,0.533,0.037,0.383,0.063,0.297,0.27,0.387,0.21
0,21,0,0.22,0.213,0.01,0.497,0.037,0.383,0.06,0.273,0.253,0.397,0.223
0,22,0,0.227,0.21,0.01,0.493,0.037,0.4,0.06,0.25,0.23,0.407,0.25
0,23,0,0.233,0.203,0.01,0.51,0.04,0.403,0.057,0.237,0.223,0.387,0.257
0,24,0,0.233,0.21,0.01,0.533,0.04,0.403,0.057,0.237,0.233,0.383,0.25
1,25,0,0.247,0.207,0.01,0.537,0.04,0.383,0.057,0.26,0.273,0.38,0.237
0,26,1,0.243,0.213,0.01,0.53,0.04,0.383,0.063,0.263,0.26,0.387,0.227
1,27,0,0.247,0.213,0.01,0.523,0.04,0.383,0.06,0.25,0.25,0.387,0.217
1,28,1,0.233,0.223,0.01,0.487,0.037,0.387,0.06,0.24,0.253,0.38,0.21
1,29,1,0.23,0.213,0.01,0.47,0.037,0.383,0.053,0.25,0.257,0.37,0.203
1,30,1,0.217,0.21,0.01,0.46,0.04,0.36,0.053,0.27,0.23,0.367,0.19
1,31,1,0.23,0.2,0.01,0.473,0.043,0.363,0.05,0.283,0.197,0.363,0.2
0,32,1,0.23,0.21,0.01,0.483,0.043,0.37,0.053,0.307,0.187,0.37,0.2
0,33,0,0.247,0.22,0.01,0.483,0.04,0.393,0.06,0.337,0.21,0.38,0.22
1,34,0,0.25,0.227,0.01,0.5,0.04,0.393,0.07,0.35,0.217,0.397,0.21
0,35,1,0.257,0.237,0.01,0.527,0.04,0.397,0.077,0.363,0.24,0.397,0.203
0,36,0,0.26,0.237,0.01,0.57,0.04,0.387,0.077,0.36,0.25,0.383,0.2
0,37,0,0.26,0.237,0.01,0.61,0.04,0.393,0.077,0.353,0.257,0.377,0.217
1,38,0,0.26,0.233,0.01,0.637,0.04,0.39,0.08,0.347,0.233,0.38,0.25
1,39,1,0.263,0.233,0.01,0.623,0.04,0.39,0.09,0.347,0.24,0.38,0.257
1,40,1,0.25,0.247,0.01,0.573,0.04,0.383,0.09,0.363,0.25,0.37,0.247
0,41,1,0.27,0.253,0.01,0.523,0.04,0.387,0.087,0.387,0.267,0.37,0.233
1,42,0,0.267,0.263,0.01,0.483,0.037,0.39,0.083,0.39,0.25,0.37,0.237
1,43,1,0.283,0.277,0.01,0.48,0.037,0.403,0.087,0.407,0.27,0.377,0.26
0,44,1,0.26,0.29,0.01,0.457,0.037,0.403,0.09,0.403,0.277,0.377,0.267
1,45,0,0.24,0.3,0.01,0.437,0.04,0.407,0.087,0.423,0.307,0.387,0.253
1,46,1,0.21,0.297,0.01,0.443,0.037,0.39,0.083,0.36,0.277,0.377,0.22
0,47,1,0.187,0.29,0.01,0.413,0.037,0.393,0.083,0.283,0.277,0.367,0.247
0,48,0,0.2,0.29,0.01,0.407,0.04,0.407,0.087,0.24,0.263,0.36,0.27
0,49,0,0.213,0.29,0.01,0.387,0.047,0.423,0.087,0.27,0.263,0.38,0.297
0,50,0,0.243,0.28,0.01,0.407,0.047,0.427,0.083,0.297,0.257,0.383,0.26
1,51,0,0.247,0.273,0.01,0.427,0.043,0.42,0.08,0.317,0.257,0.407,0.247
1,52,1,0.247,0.273,0.01,0.45,0.04,0.417,0.08,0.32,0.263,0.407,0.26
1,53,1,0.243,0.28,0.01,0.477,0.04,0.423,0.08,0.34,0.263,0.417,0.273
0,54,1,0.24,0.29,0.01,0.49,0.04,0.423,0.08,0.337,0.267,0.4,0.29
1,55,0,0.237,0.277,0.01,0.473,0.04,0.417,0.083,0.327,0.267,0.4,0.277
1,56,1,0.24,0.283,0.01,0.473,0.04,0.413,0.09,0.31,0.267,0.41,0.287
0,57,1,0.243,0.273,0.01,0.473,0.037,0.413,0.093,0.323,0.263,0.407,0.273
0,58,0,0.25,0.277,0.01,0.47,0.037,0.413,0.09,0.343,0.273,0.41,0.26
0,59,0,0.247,0.253,0.01,0.463,0.033,0.403,0.083,0.353,0.36,0.403,0.25
0,60,0,0.23,0.243,0.01,0.453,0.033,0.403,0.077,0.34,0.56,0.403,0.243
1,61,0,0.22,0.23,0.01,0.46,0.033,0.407,0.077,0.353,0.63,0.383,0.25
0,62,1,0.217,0.23,0.01,0.447,0.037,0.417,0.077,0.393,0.537,0.383,0.243
1,63,0,0.233,0.223,0.013,0.46,0.04,0.423,0.083,0.43,0.34,0.39,0.247
1,64,1,0.243,0.237,0.013,0.473,0.04,0.427,0.08,0.453,0.27,0.4,0.25
1,65,1,0.247,0.227,0.013,0.507,0.04,0.427,0.077,0.48,0.27,0.387,0.247
0,66,1,0.233,0.227,0.01,0.487,0.04,0.42,0.07,0.477,0.257,0.39,0.24
1,67,0,0.23,0.213,0.01,0.47,0.04,0.413,0.07,0.447,0.23,0.39,0.223
1,68,1,0.22,0.213,0.01,0.44,0.037,0.41,0.067,0.397,0.227,0.393,0.22
0,69,1,0.213,0.21,0.01,0.44,0.037,0.413,0.06,0.357,0.22,0.373,0.237
1,70,0,0.203,0.2,0.01,0.45,0.033,0.413,0.057,0.333,0.217,0.38,0.257
1,71,1,0.217,0.2,0.01,0.473,0.033,0.403,0.057,0.31,0.213,0.4,0.26
0,72,1,0.22,0.203,0.01,0.497,0.033,0.403,0.06,0.28,0.223,0.417,0.257
1,73,0,0.23,0.213,0.01,0.507,0.037,0.403,0.06,0.25,0.223,0.413,0.233
1,74,1,0.213,0.223,0.01,0.523,0.04,0.413,0.057,0.22,0.21,0.403,0.227
1,75,1,0.213,0.227,0.01,0.533,0.04,0.417,0.057,0.227,0.203,0.417,0.237
1,76,1,0.203,0.233,0.01,0.537,0.04,0.427,0.057,0.23,0.23,0.417,0.253
0,77,1,0.21,0.237,0.01,0.527,0.037,0.43,0.057,0.247,0.26,0.42,0.247
0,78,0,0.217,0.247,0.01,0.5,0.037,0.43,0.057,0.233,0.267,0.413,0.24
1,79,0,0.217,0.247,0.01,0.49,0.033,0.413,0.053,0.247,0.27,0.407,0.233
0,80,1,0.217,0.247,0.01,0.473,0.033,0.403,0.053,0.24,0.26,0.403,0.26
0,81,0,0.21,0.233,0.01,0.493,0.03,0.39,0.047,0.253,0.237,0.39,0.233
1,82,0,0.21,0.227,0.01,0.477,0.03,0.39,0.05,0.277,0.2,0.393,0.233
1,83,1,0.2,0.223,0.01,0.477,0.033,0.39,0.053,0.3,0.187,0.377,0.197
0,84,1,0.203,0.237,0.01,0.433,0.037,0.397,0.06,0.307,0.207,0.39,0.243
0,85,0,0.217,0.243,0.01,0.44,0.04,0.407,0.06,0.297,0.22,0.393,0.247
1,86,0,0.24,0.25,0.01,0.433,0.04,0.407,0.063,0.303,0.227,0.41,0.273
0,87,1,0.247,0.247,0.01,0.45,0.04,0.417,0.067,0.317,0.23,0.403,0.26
0,88,0,0.247,0.243,0.01,0.463,0.037,0.427,0.07,0.33,0.237,0.403,0.28
0,89,0,0.243,0.24,0.01,0.483,0.033,0.427,0.07,0.333,0.24,0.4,0.28
1,90,0,0.237,0.24,0.013,0.497,0.033,0.423,0.073,0.333,0.22,0.397,0.26
1,91,1,0.23,0.25,0.013,0.49,0.037,0.417,0.073,0.343,0.22,0.4,0.243
1,92,1,0.223,0.253,0.013,0.463,0.04,0.417,0.073,0.35,0.227,0.397,0.243
1,93,1,0.233,0.263,0.01,0.447,0.04,0.42,0.073,0.373,0.253,0.403,0.267
1,94,1,0.217,0.267,0.013,0.43,0.037,0.42,0.077,0.357,0.25,0.377,0.267
0,95,1,0.213,0.273,0.013,0.417,0.037,0.43,0.08,0.377,0.247,0.37,0.27
0,96,0,0.197,0.257,0.013,0.41,0.037,0.423,0.077,0.363,0.227,0.36,0.25
1,97,0,0.207,0.253,0.01,0.403,0.04,0.42,0.073,0.37,0.233,0.37,0.243
1,98,1,0.19,0.247,0.01,0.387,0.037,0.407,0.07,0.297,0.22,0.36,0.227
0,99,1,0.187,0.253,0.01,0.387,0.037,0.41,0.073,0.25,0.21,0.35,0.25
1,100,0,0.197,0.267,0.013,0.383,0.04,0.417,0.077,0.22,0.213,0.35,0.263
1,101,1,0.217,0.3,0.017,0.44,0.043,0.437,0.08,0.243,0.243,0.38,0.293
0,102,1,0.227,0.32,0.017,0.457,0.043,0.45,0.083,0.28,0.267,0.403,0.277
1,103,0,0.227,0.333,0.013,0.483,0.04,0.457,0.083,0.3,0.277,0.427,0.277
0,104,1,0.223,0.333,0.01,0.457,0.043,0.457,0.087,0.31,0.28,0.43,0.273
1,105,0,0.227,0.343,0.01,0.453,0.043,0.447,0.087,0.307,0.29,0.423,0.287
1,106,1,0.223,0.33,0.01,0.447,0.043,0.44,0.09,0.3,0.293,0.417,0.293
0,107,1,0.23,0.307,0.01,0.453,0.037,0.433,0.087,0.307,0.283,0.4,0.28
0,108,0,0.227,0.29,0.01,0.453,0.037,0.44,0.083,0.317,0.277,0.407,0.267
1,109,0,0.23,0.277,0.01,0.457,0.037,0.44,0.08,0.333,0.267,0.407,0.27
1,110,1,0.237,0.27,0.01,0.46,0.037,0.44,0.077,0.33,0.273,0.413,0.273
1,111,1,0.247,0.27,0.01,0.457,0.033,0.427,0.073,0.327,0.367,0.45,0.28
0,112,1,0.247,0.28,0.01,0.457,0.033,0.44,0.07,0.327,0.61,0.477,0.253
1,113,0,0.243,0.293,0.01,0.46,0.037,0.453,0.07,0.357,0.643,0.493,0.26
1,114,1,0.24,0.28,0.01,0.487,0.037,0.467,0.073,0.363,0.547,0.47,0.257
1,115,1,0.247,0.287,0.01,0.51,0.037,0.46,0.077,0.38,0.3,0.467,0.277
1,116,1,0.247,0.287,0.01,0.517,0.037,0.46,0.08,0.407,0.25,0.463,0.267
1,117,1,0.247,0.297,0.01,0.503,0.04,0.463,0.08,0.457,0.243,0.457,0.28
0,118,1,0.24,0.29,0.013,0.48,0.037,0.467,0.08,0.47,0.237,0.443,0.273
0,119,0,0.23,0.273,0.017,0.493,0.033,0.46,0.08,0.45,0.24,0.44,0.277
1,120,0,0.217,0.26,0.017,0.513,0.03,0.453,0.08,0.4,0.243,0.427,0.25
0,121,1,0.207,0.233,0.013,0.523,0.03,0.453,0.073,0.37,0.217,0.41,0.24
0,122,0,0.203,0.227,0.013,0.513,0.033,0.453,0.07,0.337,0.203,0.407,0.233
1,123,0,0.21,0.217,0.017,0.507,0.037,0.443,0.067,0.317,0.197,0.413,0.25
0,124,1,0.21,0.213,0.017,0.493,0.037,0.43,0.067,0.28,0.217,0.43,0.247
1,125,0,0.217,0.197,0.013,0.477,0.037,0.413,0.063,0.25,0.213,0.437,0.247
0,126,1,0.21,0.193,0.01,0.467,0.037,0.413,0.06,0.243,0.203,0.43,0.227
0,127,0,0.23,0.197,0.01,0.483,0.04,0.417,0.06,0.253,0.193,0.427,0.223
1,128,0,0.23,0.21,0.01,0.5,0.04,0.433,0.06,0.28,0.21,0.43,0.223
1,129,1,0.243,0.217,0.01,0.5,0.04,0.437,0.06,0.29,0.22,0.443,0.23
1,130,1,0.23,0.213,0.01,0.493,0.04,0.437,0.057,0.29,0.223,0.437,0.227
0,131,1,0.227,0.207,0.01,0.497,0.04,0.427,0.053,0.267,0.203,0.423,0.23
1,132,0,0.22,0.197,0.01,0.477,0.04,0.427,0.05,0.247,0.2,0.423,0.233
0,133,1,0.22,0.193,0.01,0.47,0.037,0.427,0.05,0.227,0.203,0.423,0.25
1,134,0,0.213,0.19,0.01,0.45,0.033,0.43,0.047,0.22,0.207,0.43,0.24
0,135,1,0.21,0.183,0.01,0.447,0.03,0.433,0.047,0.227,0.203,0.413,0.227
1,136,0,0.21,0.187,0.01,0.44,0.03,0.433,0.047,0.243,0.197,0.423,0.21
0,137,1,0.213,0.197,0.01,0.443,0.03,0.443,0.053,0.263,0.193,0.42,0.207
1,138,0,0.223,0.207,0.013,0.463,0.03,0.447,0.06,0.27,0.2,0.443,0.23
1,139,1,0.23,0.217,0.017,0.46,0.033,0.46,0.07,0.277,0.213,0.447,0.243
1,140,1,0.237,0.23,0.017,0.463,0.033,0.453,0.073,0.273,0.237,0.457,0.243
1,141,1,0.23,0.25,0.017,0.453,0.037,0.453,0.077,0.28,0.253,0.447,0.23
1,142,1,0.23,0.257,0.017,0.46,0.037,0.443,0.073,0.29,0.257,0.453,0.227
0,143,1,0.227,0.253,0.017,0.467,0.04,0.44,0.073,0.287,0.237,0.447,0.23
1,144,0,0.227,0.25,0.013,0.477,0.04,0.43,0.07,0.28,0.22,0.45,0.233
1,145,1,0.223,0.25,0.01,0.487,0.04,0.437,0.07,0.277,0.217,0.453,0.23
0,146,1,0.213,0.24,0.01,0.457,0.037,0.437,0.073,0.277,0.217,0.433,0.23
0,147,0,0.217,0.233,0.01,0.433,0.037,0.453,0.073,0.297,0.217,0.433,0.23
1,148,0,0.217,0.23,0.01,0.403,0.037,0.45,0.073,0.31,0.21,0.423,0.237
1,149,1,0.227,0.23,0.01,0.417,0.04,0.457,0.067,0.33,0.21,0.44,0.237
0,150,1,0.21,0.23,0.01,0.41,0.04,0.443,0.063,0.297,0.213,0.433,0.213
1,151,0,0.193,0.23,0.01,0.413,0.04,0.437,0.067,0.24,0.223,0.42,0.217
0,152,1,0.193,0.24,0.01,0.41,0.043,0.437,0.07,0.21,0.223,0.423,0.24
1,153,0,0.207,0.253,0.01,0.41,0.047,0.447,0.073,0.213,0.22,0.45,0.263
1,154,1,0.22,0.257,0.01,0.417,0.05,0.453,0.073,0.243,0.213,0.48,0.267
0,155,1,0.237,0.26,0.01,0.427,0.05,0.46,0.073,0.257,0.217,0.493,0.263
1,156,0,0.24,0.257,0.01,0.43,0.05,0.457,0.077,0.263,0.217,0.5,0.267
0,157,1,0.247,0.26,0.01,0.433,0.047,0.457,0.073,0.26,0.217,0.497,0.267
1,158,0,0.223,0.26,0.01,0.413,0.043,0.443,0.073,0.253,0.227,0.497,0.26
0,159,1,0.223,0.26,0.01,0.423,0.04,0.44,0.073,0.257,0.227,0.487,0.263
0,160,0,0.217,0.277,0.02,0.443,0.04,0.447,0.113,0.267,0.247,0.513,0.263
1,161,0,0.23,0.283,0.023,0.477,0.04,0.46,0.13,0.273,0.253,0.523,0.263
0,162,1,0.233,0.28,0.027,0.483,0.04,0.457,0.133,0.273,0.253,0.527,0.26
1,163,0,0.237,0.253,0.017,0.483,0.04,0.45,0.097,0.28,0.233,0.507,0.25
0,164,1,0.237,0.24,0.013,0.463,0.04,0.44,0.083,0.297,0.23,0.507,0.237
1,165,0,0.237,0.23,0.01,0.467,0.04,0.45,0.08,0.31,0.227,0.497,0.233
1,166,1,0.243,0.237,0.01,0.433,0.04,0.457,0.077,0.323,0.217,0.493,0.237
1,167,1,0.24,0.24,0.01,0.44,0.04,0.463,0.077,0.33,0.203,0.493,0.247
1,168,1,0.247,0.257,0.013,0.44,0.04,0.463,0.077,0.357,0.2,0.51,0.247
1,169,1,0.253,0.253,0.017,0.467,0.04,0.463,0.077,0.367,0.21,0.51,0.243
1,170,1,0.25,0.247,0.02,0.47,0.037,0.467,0.073,0.373,0.223,0.5,0.253
1,171,1,0.237,0.23,0.017,0.467,0.037,0.47,0.067,0.35,0.213,0.49,0.257
0,172,1,0.223,0.223,0.013,0.473,0.033,0.46,0.063,0.337,0.203,0.477,0.257
1,173,0,0.223,0.22,0.01,0.47,0.033,0.46,0.06,0.32,0.177,0.467,0.253
0,174,1,0.227,0.213,0.01,0.48,0.033,0.457,0.063,0.303,0.19,0.47,0.257
1,175,0,0.223,0.213,0.01,0.48,0.037,0.46,0.063,0.273,0.187,0.483,0.267
0,176,1,0.23,0.21,0.01,0.483,0.04,0.46,0.063,0.243,0.187,0.5,0.263
1,177,0,0.223,0.217,0.01,0.493,0.04,0.46,0.057,0.223,0.18,0.503,0.267
1,178,1,0.223,0.22,0.01,0.527,0.04,0.467,0.057,0.217,0.18,0.493,0.253
1,179,1,0.223,0.233,0.013,0.55,0.04,0.467,0.057,0.223,0.193,0.507,0.26
0,180,1,0.233,0.243,0.017,0.567,0.04,0.487,0.063,0.23,0.197,0.51,0.26
0,181,0,0.243,0.25,0.023,0.547,0.04,0.493,0.073,0.24,0.217,0.53,0.273
0,182,0,0.237,0.243,0.027,0.557,0.04,0.493,0.083,0.233,0.227,0.537,0.267
1,183,0,0.233,0.24,0.03,0.56,0.04,0.48,0.093,0.237,0.24,0.553,0.27
0,184,1,0.223,0.237,0.033,0.577,0.04,0.483,0.103,0.237,0.237,0.57,0.263
1,185,0,0.23,0.24,0.03,0.553,0.04,0.487,0.1,0.257,0.223,0.56,0.267
0,186,1,0.227,0.23,0.027,0.523,0.04,0.48,0.09,0.267,0.21,0.537,0.257
0,187,0,0.227,0.22,0.017,0.49,0.04,0.47,0.073,0.273,0.19,0.503,0.25
1,188,0,0.223,0.217,0.013,0.467,0.04,0.467,0.067,0.273,0.18,0.497,0.243
1,189,1,0.237,0.227,0.013,0.473,0.04,0.48,0.07,0.3,0.177,0.507,0.263
1,190,1,0.247,0.24,0.013,0.487,0.04,0.493,0.07,0.32,0.19,0.527,0.287
1,191,1,0.26,0.247,0.017,0.523,0.04,0.507,0.08,0.333,0.203,0.533,0.287
1,192,1,0.257,0.26,0.013,0.52,0.04,0.507,0.08,0.323,0.217,0.53,0.27
0,193,1,0.263,0.263,0.013,0.497,0.04,0.51,0.087,0.323,0.213,0.533,0.273
1,194,0,0.263,0.267,0.013,0.483,0.04,0.503,0.083,0.34,0.217,0.537,0.283
0,195,1,0.267,0.27,0.017,0.487,0.04,0.5,0.087,0.353,0.217,0.557,0.293
0,196,0,0.27,0.277,0.02,0.52,0.04,0.497,0.09,0.367,0.237,0.563,0.3
1,197,0,0.27,0.277,0.02,0.52,0.04,0.507,0.097,0.377,0.243,0.567,0.3
0,198,1,0.257,0.253,0.02,0.517,0.04,0.493,0.097,0.377,0.23,0.523,0.283
1,199,0,0.253,0.247,0.02,0.49,0.04,0.493,0.093,0.387,0.21,0.507,0.273
1,200,1,0.253,0.243,0.017,0.473,0.043,0.48,0.083,0.383,0.193,0.49,0.263
0,201,1,0.263,0.247,0.017,0.44,0.043,0.493,0.08,0.4,0.197,0.503,0.267
1,202,0,0.243,0.24,0.013,0.43,0.043,0.497,0.073,0.377,0.197,0.49,0.257
0,203,1,0.227,0.24,0.013,0.433,0.043,0.503,0.077,0.337,0.193,0.467,0.27
0,204,0,0.23,0.267,0.01,0.46,0.047,0.51,0.08,0.28,0.197,0.467,0.293
0,205,0,0.253,0.28,0.013,0.47,0.053,0.513,0.083,0.27,0.197,0.493,0.31
0,206,0,0.277,0.297,0.02,0.483,0.053,0.533,0.093,0.29,0.217,0.54,0.337
1,207,0,0.29,0.307,0.037,0.543,0.053,0.553,0.133,0.32,0.237,0.58,0.347
1,208,1,0.293,0.317,0.037,0.577,0.053,0.563,0.143,0.34,0.237,0.593,0.337
0,209,1,0.293,0.31,0.033,0.57,0.053,0.55,0.14,0.33,0.22,0.583,0.317
1,210,0,0.28,0.277,0.02,0.523,0.053,0.527,0.1,0.33,0.197,0.557,0.283
1,211,1,0.277,0.26,0.02,0.483,0.05,0.503,0.09,0.33,0.187,0.527,0.28
0,212,1,0.28,0.257,0.02,0.493,0.05,0.497,0.083,0.357,0.19,0.53,0.28
0,213,0,0.283,0.263,0.02,0.463,0.05,0.497,0.083,0.38,0.187,0.533,0.293
1,214,0,0.28,0.267,0.02,0.483,0.047,0.507,0.09,0.393,0.193,0.547,0.31
1,215,1,0.27,0.27,0.023,0.513,0.047,0.513,0.11,0.407,0.193,0.563,0.32
0,216,1,0.263,0.27,0.023,0.533,0.047,0.513,0.11,0.47,0.203,0.58,0.327
1,217,0,0.263,0.267,0.023,0.537,0.05,0.523,0.103,0.54,0.203,0.58,0.31
0,218,1,0.26,0.26,0.02,0.49,0.05,0.523,0.083,0.593,0.2,0.557,0.293
1,219,0,0.267,0.257,0.02,0.49,0.05,0.533,0.077,0.597,0.187,0.553,0.293
1,220,1,0.267,0.253,0.017,0.497,0.05,0.523,0.077,0.583,0.187,0.553,0.29
1,221,1,0.263,0.25,0.013,0.51,0.05,0.53,0.073,0.58,0.183,0.55,0.297
0,222,1,0.253,0.25,0.01,0.51,0.05,0.527,0.073,0.56,0.177,0.53,0.28
1,223,0,0.247,0.25,0.01,0.477,0.047,0.53,0.07,0.53,0.17,0.52,0.277
0,224,1,0.243,0.25,0.01,0.463,0.047,0.517,0.067,0.497,0.167,0.52,0.26
1,225,0,0.247,0.24,0.01,0.457,0.043,0.513,0.06,0.46,0.16,0.503,0.257
0,226,1,0.243,0.23,0.013,0.48,0.047,0.497,0.057,0.433,0.16,0.507,0.26
1,227,0,0.247,0.22,0.017,0.497,0.047,0.497,0.057,0.403,0.167,0.51,0.263
0,228,1,0.24,0.21,0.017,0.517,0.05,0.497,0.06,0.373,0.173,0.533,0.267
0,229,0,0.237,0.21,0.017,0.51,0.053,0.503,0.063,0.357,0.177,0.537,0.253
0,230,0,0.227,0.21,0.017,0.513,0.057,0.503,0.067,0.33,0.167,0.53,0.253
0,231,0,0.24,0.22,0.02,0.527,0.06,0.517,0.07,0.327,0.18,0.53,0.267
1,232,0,0.253,0.237,0.023,0.537,0.06,0.55,0.073,0.33,0.187,0.553,0.29
0,233,1,0.267,0.237,0.023,0.537,0.06,0.567,0.073,0.343,0.197,0.567,0.29
0,234,0,0.267,0.23,0.023,0.503,0.06,0.567,0.07,0.337,0.187,0.577,0.277
1,235,0,0.26,0.203,0.02,0.487,0.06,0.543,0.063,0.317,0.173,0.55,0.26
0,236,1,0.25,0.193,0.017,0.453,0.06,0.527,0.057,0.307,0.167,0.54,0.26
0,237,0,0.243,0.19,0.013,0.45,0.06,0.51,0.053,0.31,0.157,0.513,0.25
0,238,0,0.247,0.183,0.01,0.447,0.06,0.497,0.05,0.313,0.157,0.5,0.247
0,239,0,0.26,0.183,0.01,0.47,0.06,0.497,0.053,0.317,0.147,0.49,0.237
1,240,0,0.27,0.19,0.013,0.487,0.06,0.503,0.06,0.327,0.16,0.517,0.243
0,241,1,0.29,0.267,0.043,0.593,0.063,0.56,0.14,0.443,0.22,0.63,0.29
0,242,0,0.33,0.32,0.06,0.65,0.067,0.61,0.18,0.62,0.26,0.713,0.333
0,243,0,0.363,0.403,0.107,0.763,0.07,0.667,0.287,0.837,0.33,0.803,0.373
0,244,0,0.393,0.47,0.157,0.837,0.07,0.683,0.363,0.927,0.373,0.847,0.393
1,245,0,0.38,0.54,0.197,0.87,0.07,0.68,0.43,0.887,0.423,0.897,0.403
0,246,1,0.357,0.523,0.18,0.803,0.073,0.647,0.37,0.793,0.397,0.877,0.39
1,247,0,0.333,0.447,0.133,0.68,0.077,0.6,0.267,0.707,0.333,0.823,0.35
0,248,1,0.32,0.36,0.103,0.623,0.08,0.577,0.203,0.647,0.277,0.76,0.297
0,249,0,0.333,0.33,0.093,0.587,0.083,0.57,0.19,0.6,0.247,0.733,0.277
0,250,0,0.33,0.327,0.09,0.543,0.093,0.58,0.177,0.577,0.243,0.717,0.27
1,251,0,0.32,0.32,0.08,0.513,0.097,0.567,0.163,0.57,0.23,0.69,0.27
0,252,1,0.31,0.317,0.077,0.487,0.107,0.57,0.153,0.57,0.23,0.683,0.27
0,253,0,0.303,0.283,0.063,0.473,0.103,0.56,0.137,0.553,0.207,0.643,0.26
0,254,0,0.3,0.27,0.06,0.447,0.107,0.567,0.12,0.54,0.207,0.643,0.253
0,255,0,0.263,0.237,0.047,0.43,0.1,0.547,0.1,0.463,0.183,0.577,0.237
1,256,0,0.253,0.233,0.04,0.41,0.107,0.55,0.09,0.407,0.173,0.543,0.223
0,257,1,0.263,0.227,0.037,0.42,0.12,0.537,0.083,0.393,0.173,0.54,0.233
0,258,0,0.29,0.223,0.04,0.427,0.13,0.533,0.083,0.43,0.187,0.59,0.243
0,259,0,0.293,0.203,0.043,0.44,0.133,0.507,0.087,0.457,0.197,0.62,0.227
0,260,0,0.287,0.193,0.047,0.447,0.13,0.507,0.087,0.483,0.187,0.623,0.223
1,261,0,0.297,0.193,0.047,0.447,0.13,0.513,0.087,0.507,0.187,0.623,0.223
0,262,1,0.3,0.2,0.047,0.457,0.127,0.52,0.083,0.527,0.187,0.627,0.247
0,263,0,0.313,0.203,0.053,0.463,0.127,0.527,0.093,0.543,0.197,0.643,0.253
0,264,0,0.317,0.213,0.067,0.48,0.127,0.53,0.107,0.567,0.2,0.66,0.267
0,265,0,0.32,0.237,0.09,0.497,0.13,0.54,0.127,0.597,0.21,0.683,0.27
1,266,0,0.31,0.263,0.1,0.507,0.13,0.543,0.137,0.583,0.22,0.693,0.27
1,267,1,0.297,0.277,0.1,0.503,0.127,0.537,0.133,0.547,0.223,0.7,0.253
1,268,1,0.293,0.27,0.09,0.497,0.123,0.53,0.123,0.513,0.227,0.69,0.253
1,269,1,0.29,0.253,0.083,0.49,0.12,0.52,0.11,0.507,0.22,0.67,0.25
1,270,1,0.29,0.233,0.077,0.507,0.117,0.51,0.107,0.5,0.213,0.64,0.243
1,271,1,0.283,0.22,0.067,0.49,0.117,0.503,0.093,0.5,0.197,0.63,0.237
0,272,1,0.287,0.21,0.06,0.487,0.113,0.493,0.087,0.497,0.197,0.62,0.22
1,273,0,0.283,0.207,0.057,0.463,0.113,0.497,0.08,0.513,0.197,0.613,0.223
1,274,1,0.277,0.21,0.057,0.473,0.11,0.493,0.08,0.507,0.193,0.603,0.227
0,275,1,0.263,0.217,0.053,0.467,0.11,0.497,0.077,0.49,0.19,0.597,0.223
1,276,0,0.257,0.21,0.053,0.49,0.11,0.487,0.073,0.47,0.187,0.59,0.217
1,277,1,0.253,0.193,0.047,0.483,0.11,0.477,0.07,0.45,0.177,0.563,0.2
1,278,1,0.26,0.187,0.047,0.5,0.113,0.473,0.07,0.433,0.17,0.563,0.213
1,279,1,0.26,0.19,0.043,0.49,0.113,0.477,0.067,0.4,0.16,0.56,0.217
0,280,1,0.267,0.19,0.047,0.493,0.117,0.48,0.06,0.373,0.163,0.57,0.22
0,281,0,0.267,0.17,0.043,0.47,0.117,0.477,0.057,0.357,0.153,0.547,0.207
0,282,0,0.277,0.157,0.04,0.477,0.12,0.473,0.057,0.353,0.153,0.523,0.19
0,283,0,0.28,0.143,0.037,0.487,0.123,0.473,0.057,0.343,0.153,0.523,0.187
1,284,0,0.283,0.147,0.037,0.493,0.127,0.48,0.053,0.333,0.153,0.54,0.193
1,285,1,0.273,0.153,0.043,0.48,0.127,0.487,0.05,0.323,0.157,0.567,0.21
1,286,1,0.267,0.163,0.047,0.47,0.123,0.487,0.05,0.32,0.157,0.563,0.203
1,287,1,0.263,0.173,0.047,0.47,0.123,0.483,0.053,0.31,0.16,0.567,0.207
0,288,1,0.267,0.173,0.043,0.467,0.123,0.48,0.053,0.303,0.153,0.567,0.207
1,289,0,0.267,0.177,0.04,0.467,0.12,0.48,0.057,0.297,0.147,0.567,0.217
1,290,1,0.273,0.18,0.04,0.463,0.113,0.477,0.057,0.297,0.14,0.557,0.207
0,291,1,0.267,0.18,0.04,0.467,0.11,0.467,0.06,0.297,0.147,0.55,0.203
1,292,0,0.267,0.177,0.037,0.463,0.11,0.46,0.057,0.31,0.147,0.537,0.2
1,293,1,0.253,0.177,0.037,0.477,0.11,0.457,0.06,0.337,0.15,0.547,0.217
0,294,1,0.257,0.187,0.037,0.473,0.113,0.46,0.063,0.357,0.153,0.557,0.217
0,295,0,0.25,0.193,0.04,0.46,0.117,0.463,0.067,0.373,0.16,0.57,0.223
1,296,0,0.253,0.193,0.04,0.45,0.123,0.467,0.067,0.363,0.163,0.563,0.223
1,297,1,0.263,0.193,0.043,0.457,0.127,0.47,0.07,0.37,0.16,0.563,0.24
0,298,1,0.273,0.197,0.043,0.46,0.13,0.47,0.073,0.37,0.157,0.567,0.25
0,299,0,0.273,0.19,0.043,0.447,0.13,0.47,0.073,0.38,0.153,0.56,0.24
1,300,0,0.267,0.18,0.04,0.443,0.137,0.473,0.07,0.383,0.15,0.55,0.22
1,301,1,0.263,0.173,0.04,0.447,0.14,0.473,0.07,0.383,0.153,0.537,0.223
1,302,1,0.27,0.18,0.037,0.457,0.137,0.48,0.07,0.39,0.157,0.53,0.24
0,303,1,0.263,0.177,0.033,0.44,0.123,0.47,0.07,0.387,0.143,0.493,0.24
1,304,0,0.27,0.173,0.03,0.427,0.12,0.473,0.067,0.423,0.137,0.493,0.233
1,305,1,0.263,0.167,0.03,0.403,0.12,0.473,0.06,0.437,0.127,0.483,0.213
0,306,1,0.267,0.167,0.03,0.403,0.127,0.493,0.053,0.433,0.133,0.497,0.21
1,307,0,0.233,0.16,0.027,0.397,0.127,0.507,0.05,0.353,0.123,0.457,0.2
0,308,1,0.22,0.163,0.023,0.393,0.133,0.517,0.053,0.287,0.123,0.437,0.207
1,309,0,0.22,0.177,0.023,0.393,0.137,0.523,0.053,0.267,0.13,0.457,0.227
0,310,1,0.25,0.19,0.027,0.41,0.14,0.523,0.057,0.303,0.137,0.507,0.243
0,311,0,0.27,0.19,0.03,0.427,0.14,0.523,0.06,0.34,0.137,0.543,0.25
0,312,0,0.283,0.187,0.03,0.427,0.14,0.52,0.067,0.35,0.137,0.547,0.247
0,313,0,0.3,0.187,0.03,0.427,0.137,0.513,0.07,0.34,0.147,0.547,0.243
1,314,0,0.307,0.187,0.03,0.427,0.127,0.497,0.07,0.337,0.15,0.54,0.237
1,315,1,0.307,0.18,0.03,0.427,0.123,0.483,0.067,0.357,0.14,0.53,0.23
0,316,1,0.3,0.177,0.027,0.42,0.123,0.48,0.063,0.393,0.13,0.527,0.23
1,317,0,0.297,0.18,0.027,0.413,0.137,0.487,0.06,0.417,0.12,0.537,0.243
1,318,1,0.29,0.193,0.027,0.423,0.137,0.487,0.06,0.417,0.133,0.547,0.257
1,319,1,0.28,0.197,0.03,0.423,0.133,0.483,0.06,0.397,0.14,0.547,0.257
1,320,1,0.283,0.2,0.03,0.427,0.123,0.48,0.063,0.387,0.153,0.543,0.257
1,321,1,0.277,0.19,0.03,0.43,0.127,0.483,0.067,0.377,0.143,0.533,0.25
1,322,1,0.277,0.19,0.03,0.44,0.127,0.483,0.067,0.38,0.137,0.527,0.26
1,323,1,0.277,0.193,0.03,0.447,0.137,0.487,0.067,0.4,0.14,0.54,0.27
1,324,1,0.28,0.197,0.03,0.437,0.13,0.48,0.067,0.423,0.153,0.55,0.27
0,325,1,0.287,0.2,0.03,0.443,0.127,0.48,0.067,0.46,0.163,0.563,0.263
0,326,0,0.28,0.197,0.043,0.463,0.113,0.473,0.083,0.507,0.18,0.573,0.24
1,327,0,0.28,0.193,0.05,0.48,0.11,0.48,0.087,0.52,0.18,0.573,0.233
0,328,1,0.263,0.18,0.053,0.48,0.11,0.48,0.093,0.497,0.177,0.567,0.223
0,329,0,0.25,0.163,0.047,0.47,0.11,0.477,0.08,0.44,0.157,0.54,0.223
0,330,0,0.237,0.15,0.04,0.467,0.113,0.467,0.073,0.403,0.14,0.52,0.217
1,331,0,0.24,0.143,0.04,0.473,0.12,0.457,0.067,0.377,0.133,0.513,0.21
1,332,1,0.24,0.14,0.033,0.467,0.13,0.45,0.057,0.347,0.13,0.51,0.21
0,333,1,0.243,0.137,0.033,0.453,0.143,0.443,0.05,0.317,0.137,0.513,0.21
0,334,0,0.237,0.133,0.033,0.447,0.157,0.443,0.05,0.29,0.143,0.503,0.203
1,335,0,0.227,0.123,0.033,0.44,0.157,0.443,0.05,0.27,0.137,0.477,0.193
0,336,1,0.22,0.123,0.033,0.43,0.163,0.453,0.05,0.263,0.133,0.473,0.187
1,337,0,0.217,0.12,0.03,0.423,0.183,0.463,0.043,0.257,0.123,0.47,0.187
1,338,1,0.22,0.123,0.03,0.417,0.183,0.47,0.043,0.25,0.127,0.487,0.187
1,339,1,0.217,0.123,0.03,0.427,0.163,0.463,0.043,0.24,0.123,0.487,0.197
0,340,1,0.217,0.127,0.03,0.417,0.123,0.45,0.043,0.24,0.123,0.483,0.2
0,341,0,0.21,0.127,0.03,0.413,0.11,0.443,0.04,0.24,0.12,0.473,0.21
0,342,0,0.21,0.127,0.03,0.397,0.103,0.44,0.043,0.253,0.12,0.463,0.2
1,343,0,0.203,0.123,0.03,0.387,0.1,0.433,0.047,0.26,0.12,0.457,0.193
1,344,1,0.203,0.127,0.027,0.373,0.1,0.43,0.047,0.267,0.113,0.443,0.187
1,345,1,0.203,0.127,0.027,0.377,0.1,0.43,0.047,0.27,0.117,0.45,0.197
1,346,1,0.21,0.137,0.027,0.377,0.1,0.45,0.047,0.28,0.12,0.463,0.22
0,347,1,0.217,0.147,0.03,0.39,0.1,0.46,0.05,0.3,0.133,0.487,0.24
1,348,0,0.223,0.16,0.03,0.393,0.1,0.47,0.053,0.307,0.137,0.49,0.247
1,349,1,0.223,0.163,0.03,0.4,0.1,0.467,0.057,0.32,0.14,0.49,0.237
1,350,1,0.223,0.167,0.03,0.393,0.1,0.463,0.06,0.33,0.15,0.497,0.237
0,351,1,0.223,0.16,0.027,0.383,0.1,0.457,0.06,0.337,0.15,0.497,0.24
1,352,0,0.233,0.16,0.027,0.373,0.1,0.453,0.06,0.333,0.157,0.497,0.243
0,353,1,0.24,0.157,0.027,0.38,0.1,0.457,0.06,0.333,0.147,0.487,0.24
1,354,0,0.243,0.16,0.03,0.383,0.103,0.457,0.06,0.357,0.147,0.497,0.24
0,355,1,0.22,0.147,0.027,0.373,0.1,0.443,0.057,0.36,0.13,0.467,0.233
1,356,0,0.217,0.147,0.023,0.36,0.113,0.447,0.057,0.37,0.13,0.463,0.23
1,357,1,0.21,0.147,0.02,0.353,0.123,0.457,0.053,0.367,0.133,0.443,0.233
1,358,1,0.217,0.157,0.02,0.353,0.14,0.473,0.053,0.36,0.14,0.463,0.237
1,359,1,0.19,0.153,0.02,0.35,0.133,0.48,0.053,0.313,0.133,0.44,0.22
1,360,1,0.17,0.16,0.02,0.333,0.123,0.483,0.06,0.263,0.127,0.423,0.213
1,361,1,0.19,0.183,0.023,0.343,0.127,0.52,0.063,0.25,0.137,0.45,0.237
1,362,1,0.217,0.203,0.023,0.353,0.133,0.537,0.067,0.273,0.15,0.49,0.263
1,363,1,0.243,0.213,0.023,0.383,0.143,0.547,0.07,0.297,0.16,0.52,0.273
0,364,1,0.247,0.207,0.023,0.39,0.14,0.537,0.073,0.32,0.167,0.52,0.273
1,365,0,0.247,0.203,0.027,0.4,0.133,0.533,0.073,0.36,0.17,0.527,0.27
1,366,1,0.247,0.203,0.03,0.4,0.127,0.53,0.07,0.39,0.187,0.543,0.277
1,367,1,0.243,0.207,0.027,0.407,0.117,0.52,0.07,0.4,0.187,0.55,0.277
0,368,1,0.247,0.203,0.027,0.41,0.11,0.517,0.073,0.38,0.183,0.547,0.283
1,369,0,0.247,0.2,0.027,0.41,0.103,0.52,0.073,0.377,0.167,0.547,0.28
0,370,1,0.237,0.197,0.03,0.403,0.1,0.52,0.073,0.367,0.16,0.537,0.27
0,371,0,0.233,0.2,0.033,0.397,0.097,0.513,0.077,0.49,0.163,0.543,0.263
1,372,0,0.233,0.197,0.033,0.39,0.097,0.513,0.073,0.567,0.167,0.533,0.263
1,373,1,0.233,0.197,0.03,0.387,0.097,0.513,0.07,0.623,0.173,0.53,0.27
1,374,1,0.243,0.193,0.023,0.393,0.103,0.527,0.06,0.54,0.177,0.52,0.273
0,375,1,0.273,0.19,0.02,0.403,0.103,0.533,0.06,0.497,0.177,0.52,0.273
1,376,0,0.293,0.18,0.02,0.423,0.103,0.53,0.067,0.463,0.17,0.513,0.26
1,377,1,0.287,0.177,0.023,0.413,0.1,0.52,0.067,0.437,0.167,0.513,0.253
0,378,1,0.253,0.177,0.027,0.413,0.1,0.503,0.067,0.417,0.167,0.503,0.24
0,379,0,0.23,0.177,0.027,0.403,0.1,0.503,0.057,0.413,0.167,0.51,0.24
0,380,0,0.237,0.17,0.023,0.403,0.1,0.507,0.053,0.4,0.157,0.507,0.24
0,381,0,0.23,0.16,0.02,0.397,0.097,0.517,0.05,0.377,0.147,0.497,0.233
0,382,0,0.237,0.15,0.02,0.403,0.097,0.517,0.05,0.347,0.133,0.473,0.233
0,383,0,0.223,0.143,0.02,0.417,0.097,0.517,0.05,0.323,0.127,0.46,0.217
1,384,0,0.23,0.137,0.023,0.433,0.1,0.517,0.05,0.307,0.12,0.47,0.217
0,385,1,0.227,0.133,0.023,0.433,0.1,0.517,0.047,0.293,0.12,0.477,0.203
1,386,0,0.243,0.13,0.023,0.447,0.1,0.517,0.047,0.283,0.127,0.483,0.207
1,387,1,0.257,0.133,0.02,0.443,0.103,0.513,0.043,0.273,0.127,0.47,0.207
0,388,1,0.343,0.137,0.023,0.45,0.107,0.52,0.047,0.28,0.13,0.473,0.21
1,389,0,0.42,0.143,0.027,0.437,0.107,0.537,0.047,0.28,0.13,0.483,0.213
0,390,1,0.663,0.15,0.03,0.467,0.103,0.54,0.057,0.317,0.147,0.507,0.223
0,391,0,0.833,0.173,0.05,0.493,0.103,0.547,0.093,0.337,0.177,0.55,0.24
0,392,0,0.797,0.227,0.107,0.583,0.103,0.547,0.177,0.35,0.227,0.627,0.273
0,393,0,0.56,0.233,0.127,0.567,0.103,0.553,0.187,0.313,0.22,0.643,0.28
1,394,0,0.317,0.22,0.117,0.533,0.1,0.54,0.16,0.283,0.193,0.613,0.26
0,395,1,0.3,0.167,0.063,0.437,0.1,0.517,0.08,0.267,0.14,0.53,0.22
0,396,0,0.33,0.15,0.047,0.43,0.103,0.507,0.07,0.267,0.127,0.503,0.203
1,397,0,0.347,0.143,0.04,0.43,0.103,0.5,0.063,0.28,0.123,0.497,0.213
0,398,1,0.337,0.153,0.043,0.443,0.103,0.507,0.07,0.3,0.133,0.507,0.227
1,399,0,0.313,0.167,0.043,0.443,0.1,0.52,0.073,0.32,0.14,0.52,0.237
1,400,1,0.303,0.177,0.047,0.453,0.1,0.53,0.08,0.327,0.147,0.54,0.233
1,401,1,0.29,0.173,0.043,0.45,0.1,0.53,0.08,0.33,0.147,0.537,0.223
1,402,1,0.28,0.17,0.043,0.433,0.1,0.513,0.077,0.333,0.15,0.533,0.217
1,403,1,0.28,0.17,0.043,0.423,0.1,0.503,0.077,0.34,0.15,0.53,0.227
0,404,1,0.28,0.167,0.043,0.41,0.1,0.5,0.073,0.35,0.143,0.537,0.23
1,405,0,0.277,0.163,0.043,0.41,0.1,0.497,0.077,0.36,0.14,0.533,0.23
0,406,1,0.267,0.153,0.037,0.4,0.1,0.503,0.07,0.367,0.133,0.513,0.227
0,407,0,0.253,0.143,0.033,0.393,0.097,0.493,0.067,0.347,0.12,0.467,0.217
1,408,0,0.25,0.147,0.033,0.39,0.1,0.503,0.063,0.347,0.123,0.467,0.223
1,409,1,0.253,0.147,0.033,0.38,0.1,0.507,0.067,0.357,0.12,0.463,0.21
0,410,1,0.26,0.15,0.033,0.377,0.107,0.52,0.063,0.373,0.127,0.483,0.21
1,411,0,0.237,0.143,0.03,0.363,0.107,0.51,0.06,0.343,0.117,0.453,0.197
0,412,1,0.21,0.143,0.027,0.36,0.11,0.5,0.06,0.297,0.11,0.423,0.197
1,413,0,0.207,0.147,0.023,0.357,0.117,0.503,0.063,0.27,0.107,0.413,0.213
1,414,1,0.23,0.153,0.02,0.36,0.12,0.51,0.06,0.277,0.11,0.43,0.227
1,415,1,0.253,0.157,0.02,0.353,0.123,0.52,0.057,0.287,0.113,0.457,0.233
0,416,1,0.28,0.163,0.02,0.353,0.12,0.533,0.057,0.297,0.123,0.477,0.24
1,417,0,0.287,0.177,0.02,0.36,0.117,0.547,0.06,0.297,0.14,0.493,0.26
0,418,1,0.287,0.19,0.02,0.373,0.11,0.547,0.06,0.303,0.157,0.51,0.273
1,419,0,0.263,0.193,0.02,0.38,0.103,0.52,0.06,0.307,0.173,0.52,0.273
1,420,1,0.253,0.187,0.023,0.383,0.1,0.503,0.063,0.307,0.167,0.51,0.253
0,421,1,0.247,0.18,0.023,0.377,0.1,0.497,0.063,0.31,0.163,0.51,0.25
0,422,0,0.24,0.177,0.023,0.38,0.1,0.5,0.067,0.313,0.147,0.507,0.243
1,423,0,0.227,0.173,0.02,0.363,0.1,0.493,0.063,0.307,0.15,0.51,0.233
0,424,1,0.22,0.17,0.02,0.367,0.1,0.487,0.063,0.3,0.143,0.503,0.223
1,425,0,0.217,0.167,0.02,0.357,0.097,0.493,0.06,0.3,0.143,0.497,0.227
0,426,1,0.213,0.16,0.02,0.377,0.097,0.497,0.06,0.307,0.137,0.483,0.227
0,427,0,0.217,0.153,0.02,0.38,0.097,0.507,0.057,0.313,0.133,0.48,0.233
1,428,0,0.22,0.153,0.02,0.39,0.1,0.497,0.053,0.327,0.133,0.487,0.227
1,429,1,0.237,0.153,0.02,0.383,0.097,0.5,0.05,0.35,0.14,0.497,0.23
0,430,1,0.237,0.153,0.02,0.38,0.093,0.5,0.05,0.367,0.153,0.5,0.22
0,431,0,0.233,0.147,0.02,0.38,0.09,0.507,0.05,0.363,0.153,0.493,0.217
0,432,0,0.233,0.157,0.02,0.38,0.09,0.517,0.057,0.357,0.21,0.507,0.237
1,433,0,0.23,0.163,0.02,0.39,0.09,0.52,0.06,0.347,0.253,0.517,0.247
0,434,1,0.22,0.16,0.02,0.393,0.09,0.52,0.06,0.327,0.26,0.507,0.24
1,435,0,0.203,0.143,0.023,0.403,0.09,0.51,0.053,0.31,0.203,0.49,0.213
1,436,1,0.197,0.127,0.023,0.403,0.09,0.507,0.047,0.293,0.153,0.47,0.197
0,437,1,0.2,0.127,0.023,0.403,0.09,0.51,0.043,0.28,0.15,0.473,0.197
1,438,0,0.2,0.123,0.023,0.4,0.093,0.51,0.043,0.26,0.14,0.47,0.193
0,439,1,0.193,0.12,0.023,0.41,0.097,0.51,0.047,0.237,0.133,0.457,0.187
1,440,0,0.193,0.12,0.023,0.41,0.1,0.513,0.047,0.23,0.12,0.453,0.19
1,441,1,0.193,0.12,0.02,0.413,0.1,0.53,0.043,0.23,0.117,0.457,0.193
1,442,1,0.2,0.123,0.02,0.41,0.1,0.537,0.04,0.237,0.127,0.473,0.2
1,443,1,0.197,0.12,0.02,0.403,0.097,0.537,0.04,0.237,0.13,0.477,0.193
1,444,1,0.197,0.12,0.02,0.393,0.093,0.523,0.04,0.227,0.13,0.47,0.19
1,445,1,0.2,0.12,0.02,0.377,0.09,0.517,0.04,0.217,0.12,0.463,0.19
0,446,1,0.203,0.123,0.02,0.373,0.09,0.51,0.04,0.22,0.117,0.46,0.203
0,447,0,0.223,0.12,0.02,0.37,0.09,0.503,0.04,0.233,0.113,0.46,0.207
1,448,0,0.267,0.12,0.02,0.367,0.097,0.503,0.043,0.253,0.11,0.45,0.213
1,449,1,0.287,0.127,0.02,0.37,0.097,0.5,0.047,0.27,0.12,0.46,0.213
0,450,1,0.287,0.14,0.02,0.37,0.097,0.507,0.05,0.28,0.127,0.47,0.233
0,451,0,0.257,0.147,0.02,0.37,0.09,0.507,0.05,0.29,0.13,0.483,0.25
1,452,0,0.263,0.143,0.02,0.367,0.093,0.51,0.053,0.293,0.13,0.483,0.243
0,453,1,0.257,0.137,0.02,0.36,0.097,0.497,0.053,0.3,0.13,0.477,0.233
1,454,0,0.263,0.133,0.02,0.36,0.097,0.487,0.053,0.317,0.13,0.48,0.227
0,455,1,0.26,0.133,0.023,0.357,0.093,0.477,0.05,0.34,0.127,0.477,0.227
0,456,0,0.257,0.13,0.023,0.353,0.093,0.47,0.057,0.373,0.123,0.463,0.213
0,457,0,0.29,0.14,0.033,0.353,0.097,0.473,0.083,0.377,0.133,0.463,0.203
0,458,0,0.287,0.143,0.037,0.343,0.1,0.48,0.093,0.367,0.13,0.463,0.21
1,459,0,0.273,0.143,0.037,0.333,0.093,0.477,0.087,0.323,0.123,0.443,0.207
1,460,1,0.23,0.137,0.027,0.323,0.09,0.48,0.06,0.31,0.113,0.437,0.217
1,461,1,0.227,0.137,0.02,0.327,0.09,0.483,0.05,0.303,0.113,0.433,0.213
0,462,1,0.233,0.143,0.02,0.323,0.093,0.5,0.05,0.32,0.123,0.457,0.227
1,463,0,0.21,0.14,0.023,0.31,0.097,0.493,0.05,0.303,0.123,0.45,0.207
0,464,1,0.18,0.133,0.023,0.29,0.097,0.48,0.05,0.257,0.113,0.417,0.197
1,465,0,0.197,0.137,0.027,0.29,0.11,0.49,0.057,0.23,0.113,0.42,0.197
1,466,1,0.223,0.143,0.023,0.297,0.113,0.5,0.057,0.23,0.113,0.437,0.217
1,467,1,0.263,0.153,0.023,0.31,0.113,0.513,0.057,0.287,0.13,0.48,0.23
1,468,1,0.26,0.157,0.023,0.323,0.103,0.51,0.053,0.297,0.13,0.493,0.237
1,469,1,0.253,0.167,0.027,0.333,0.1,0.517,0.057,0.3,0.14,0.507,0.243
0,470,1,0.233,0.17,0.03,0.337,0.097,0.517,0.06,0.283,0.14,0.513,0.253
0,471,0,0.227,0.173,0.03,0.337,0.09,0.507,0.06,0.293,0.143,0.517,0.257
1,472,0,0.223,0.167,0.027,0.337,0.083,0.493,0.06,0.31,0.137,0.507,0.257
1,473,1,0.227,0.167,0.027,0.337,0.08,0.487,0.06,0.33,0.137,0.51,0.253
1,474,1,0.223,0.17,0.03,0.337,0.08,0.493,0.063,0.343,0.14,0.52,0.263
1,475,1,0.223,0.17,0.033,0.337,0.08,0.493,0.063,0.337,0.143,0.53,0.26
0,476,1,0.217,0.167,0.033,0.34,0.08,0.497,0.063,0.333,0.137,0.527,0.26
1,477,0,0.213,0.157,0.03,0.347,0.08,0.493,0.063,0.337,0.13,0.513,0.247
0,478,1,0.207,0.153,0.03,0.347,0.08,0.49,0.06,0.347,0.127,0.503,0.247
1,479,0,0.207,0.15,0.03,0.357,0.08,0.49,0.06,0.35,0.133,0.503,0.243
0,480,1,0.203,0.15,0.03,0.357,0.08,0.49,0.06,0.367,0.137,0.513,0.247
1,481,0,0.207,0.15,0.03,0.367,0.08,0.493,0.063,0.387,0.14,0.52,0.243
1,482,1,0.207,0.15,0.03,0.363,0.08,0.497,0.063,0.4,0.143,0.52,0.243
1,483,1,0.207,0.15,0.03,0.37,0.077,0.497,0.06,0.387,0.147,0.517,0.243
1,484,1,0.2,0.15,0.03,0.373,0.073,0.503,0.06,0.367,0.15,0.517,0.237
0,485,1,0.187,0.15,0.03,0.38,0.07,0.5,0.06,0.337,0.143,0.517,0.23
0,486,0,0.173,0.147,0.03,0.373,0.073,0.5,0.057,0.317,0.133,0.503,0.22
1,487,0,0.167,0.14,0.03,0.373,0.077,0.493,0.053,0.29,0.127,0.497,0.22
0,488,1,0.167,0.133,0.03,0.37,0.077,0.487,0.05,0.273,0.123,0.49,0.217
0,489,0,0.17,0.13,0.033,0.38,0.073,0.49,0.053,0.25,0.127,0.503,0.213
1,490,0,0.17,0.13,0.037,0.387,0.073,0.49,0.057,0.24,0.127,0.507,0.207
1,491,1,0.163,0.123,0.037,0.397,0.077,0.497,0.057,0.23,0.123,0.483,0.193
1,492,1,0.163,0.12,0.033,0.39,0.08,0.5,0.053,0.23,0.127,0.48,0.193
1,493,1,0.163,0.12,0.03,0.377,0.08,0.52,0.05,0.223,0.13,0.48,0.193
1,494,1,0.173,0.127,0.03,0.367,0.08,0.533,0.05,0.22,0.143,0.51,0.207
1,495,1,0.173,0.13,0.03,0.367,0.08,0.543,0.05,0.223,0.147,0.517,0.21
0,496,1,0.173,0.13,0.03,0.373,0.077,0.527,0.05,0.233,0.143,0.52,0.213
0,497,0,0.167,0.13,0.03,0.367,0.073,0.52,0.05,0.24,0.137,0.513,0.223
0,498,0,0.167,0.13,0.03,0.363,0.07,0.503,0.05,0.24,0.193,0.503,0.213
0,499,0,0.17,0.127,0.03,0.35,0.07,0.497,0.05,0.243,0.197,0.493,0.21
1,500,0,0.17,0.123,0.027,0.35,0.073,0.49,0.05,0.257,0.19,0.477,0.207
1,501,1,0.173,0.127,0.027,0.35,0.073,0.487,0.05,0.283,0.13,0.48,0.22
1,502,1,0.187,0.143,0.027,0.35,0.073,0.513,0.057,0.3,0.13,0.49,0.253
0,503,1,0.213,0.173,0.03,0.35,0.07,0.53,0.073,0.307,0.14,0.507,0.297
0,504,0,0.27,0.19,0.033,0.353,0.077,0.56,0.09,0.3,0.147,0.513,0.333
1,505,0,0.353,0.19,0.037,0.36,0.08,0.56,0.097,0.303,0.15,0.523,0.337
1,506,1,0.463,0.18,0.04,0.37,0.083,0.567,0.093,0.31,0.157,0.54,0.31
1,507,1,0.43,0.177,0.037,0.36,0.08,0.557,0.083,0.31,0.16,0.547,0.297
1,508,1,0.343,0.173,0.033,0.353,0.077,0.54,0.077,0.303,0.163,0.54,0.29
1,509,1,0.223,0.177,0.03,0.347,0.077,0.53,0.073,0.303,0.167,0.54,0.297
1,510,1,0.207,0.177,0.03,0.353,0.077,0.527,0.073,0.313,0.163,0.537,0.29
1,511,1,0.203,0.183,0.033,0.36,0.08,0.53,0.073,0.333,0.16,0.533,0.293
1,512,1,0.183,0.167,0.03,0.343,0.077,0.51,0.067,0.31,0.147,0.487,0.27
0,513,1,0.18,0.16,0.03,0.323,0.077,0.507,0.063,0.3,0.137,0.47,0.267
0,514,0,0.177,0.153,0.027,0.31,0.08,0.51,0.06,0.29,0.137,0.46,0.25
1,515,0,0.183,0.163,0.03,0.307,0.087,0.53,0.06,0.297,0.137,0.487,0.26
1,516,1,0.16,0.163,0.03,0.307,0.09,0.54,0.063,0.257,0.133,0.46,0.253
0,517,1,0.147,0.173,0.03,0.293,0.093,0.56,0.067,0.217,0.123,0.44,0.27
0,518,0,0.157,0.19,0.03,0.3,0.107,0.567,0.073,0.21,0.14,0.46,0.303
1,519,0,0.193,0.207,0.03,0.313,0.117,0.567,0.077,0.243,0.167,0.52,0.34
0,520,1,0.22,0.21,0.03,0.343,0.117,0.557,0.083,0.273,0.187,0.557,0.36
0,521,0,0.237,0.207,0.033,0.37,0.11,0.56,0.087,0.29,0.2,0.57,0.353
1,522,0,0.247,0.207,0.037,0.383,0.107,0.563,0.097,0.29,0.203,0.573,0.347
1,523,1,0.263,0.207,0.037,0.383,0.1,0.557,0.093,0.293,0.207,0.583,0.34
0,524,1,0.26,0.207,0.033,0.377,0.09,0.547,0.093,0.303,0.193,0.567,0.34
1,525,0,0.257,0.21,0.03,0.37,0.083,0.537,0.087,0.33,0.193,0.567,0.347
1,526,1,0.24,0.217,0.03,0.367,0.083,0.53,0.09,0.38,0.193,0.567,0.353
0,527,1,0.233,0.213,0.03,0.36,0.087,0.527,0.087,0.407,0.2,0.573,0.347
1,528,0,0.227,0.207,0.03,0.367,0.083,0.527,0.083,0.473,0.193,0.56,0.337
1,529,1,0.227,0.197,0.03,0.363,0.087,0.53,0.08,0.49,0.2,0.55,0.327
1,530,1,0.23,0.193,0.03,0.373,0.087,0.53,0.083,0.493,0.207,0.55,0.333
0,531,1,0.23,0.187,0.03,0.377,0.093,0.537,0.087,0.453,0.217,0.553,0.33
1,532,0,0.23,0.18,0.03,0.397,0.09,0.54,0.093,0.437,0.21,0.547,0.323
0,533,1,0.23,0.173,0.03,0.4,0.087,0.543,0.09,0.453,0.203,0.547,0.313
1,534,0,0.23,0.167,0.03,0.397,0.083,0.543,0.087,0.467,0.193,0.547,0.32
1,535,1,0.227,0.16,0.03,0.39,0.083,0.543,0.077,0.477,0.193,0.553,0.323
0,536,1,0.223,0.153,0.03,0.377,0.083,0.547,0.07,0.477,0.187,0.543,0.32
1,537,0,0.217,0.147,0.03,0.383,0.077,0.537,0.063,0.463,0.18,0.527,0.303
1,538,1,0.207,0.14,0.027,0.383,0.07,0.537,0.06,0.43,0.167,0.503,0.29
1,539,1,0.203,0.137,0.027,0.397,0.063,0.533,0.06,0.39,0.163,0.5,0.277
0,540,1,0.207,0.137,0.027,0.393,0.06,0.533,0.06,0.35,0.16,0.503,0.273
1,541,0,0.207,0.14,0.03,0.397,0.06,0.533,0.057,0.333,0.163,0.52,0.273
0,542,1,0.203,0.14,0.03,0.393,0.06,0.533,0.057,0.33,0.163,0.517,0.273
1,543,0,0.19,0.137,0.03,0.407,0.06,0.557,0.057,0.31,0.163,0.497,0.27
0,544,1,0.197,0.133,0.03,0.403,0.06,0.567,0.06,0.303,0.167,0.497,0.277
1,545,0,0.203,0.133,0.03,0.403,0.06,0.57,0.06,0.297,0.167,0.503,0.283
0,546,1,0.213,0.137,0.03,0.393,0.06,0.557,0.06,0.3,0.173,0.53,0.29
0,547,0,0.217,0.14,0.03,0.397,0.06,0.553,0.067,0.29,0.177,0.543,0.287
1,548,0,0.213,0.137,0.03,0.397,0.057,0.55,0.07,0.28,0.173,0.543,0.283
1,549,1,0.21,0.13,0.03,0.387,0.053,0.54,0.07,0.277,0.167,0.533,0.277
1,550,1,0.2,0.13,0.03,0.377,0.05,0.533,0.063,0.27,0.167,0.523,0.283
1,551,1,0.193,0.13,0.03,0.377,0.05,0.53,0.06,0.26,0.167,0.523,0.287
1,552,1,0.19,0.133,0.027,0.38,0.05,0.53,0.06,0.273,0.163,0.517,0.293
0,553,1,0.197,0.137,0.027,0.38,0.05,0.523,0.06,0.283,0.16,0.517,0.297
1,554,0,0.207,0.147,0.027,0.377,0.05,0.52,0.067,0.297,0.173,0.53,0.31
0,555,1,0.213,0.157,0.03,0.38,0.05,0.517,0.073,0.297,0.183,0.553,0.32
0,556,0,0.217,0.16,0.03,0.387,0.05,0.517,0.08,0.31,0.193,0.563,0.317
0,557,0,0.217,0.163,0.033,0.39,0.05,0.51,0.09,0.31,0.193,0.563,0.32
0,558,0,0.22,0.173,0.047,0.397,0.05,0.51,0.117,0.32,0.217,0.583,0.317
1,559,0,0.22,0.177,0.053,0.393,0.05,0.507,0.12,0.32,0.223,0.59,0.323
1,560,1,0.22,0.177,0.053,0.387,0.05,0.51,0.113,0.327,0.23,0.59,0.323
1,561,1,0.223,0.17,0.043,0.38,0.05,0.517,0.09,0.323,0.217,0.57,0.333
1,562,1,0.227,0.17,0.037,0.38,0.05,0.517,0.09,0.323,0.213,0.557,0.33
1,563,1,0.23,0.167,0.033,0.373,0.05,0.523,0.087,0.327,0.203,0.543,0.327
1,564,1,0.21,0.157,0.03,0.35,0.047,0.51,0.083,0.307,0.187,0.5,0.297
1,565,1,0.213,0.16,0.03,0.333,0.047,0.523,0.08,0.307,0.177,0.497,0.3
0,566,1,0.213,0.167,0.033,0.333,0.047,0.527,0.083,0.313,0.177,0.497,0.303
1,567,0,0.223,0.19,0.04,0.347,0.05,0.543,0.093,0.343,0.187,0.537,0.333
1,568,1,0.19,0.183,0.043,0.357,0.05,0.533,0.097,0.297,0.18,0.497,0.32
0,569,1,0.17,0.183,0.04,0.353,0.05,0.543,0.097,0.243,0.163,0.467,0.32
0,570,0,0.173,0.183,0.04,0.35,0.053,0.55,0.093,0.213,0.167,0.47,0.337
0,571,0,0.2,0.193,0.04,0.347,0.057,0.557,0.093,0.237,0.177,0.523,0.363
1,572,0,0.223,0.193,0.04,0.357,0.06,0.547,0.093,0.26,0.183,0.557,0.373
0,573,1,0.237,0.187,0.037,0.367,0.06,0.547,0.09,0.267,0.183,0.563,0.363
1,574,0,0.247,0.183,0.037,0.367,0.06,0.55,0.09,0.277,0.187,0.56,0.367
1,575,1,0.247,0.187,0.04,0.363,0.057,0.55,0.09,0.29,0.207,0.567,0.37
1,576,1,0.24,0.183,0.037,0.353,0.053,0.54,0.09,0.297,0.207,0.55,0.37
0,577,1,0.237,0.187,0.033,0.357,0.05,0.537,0.087,0.307,0.217,0.55,0.363
0,578,0,0.23,0.183,0.033,0.35,0.05,0.537,0.087,0.307,0.223,0.55,0.367
0,579,0,0.23,0.183,0.037,0.357,0.05,0.54,0.087,0.313,0.223,0.563,0.357
1,580,0,0.227,0.177,0.04,0.35,0.05,0.54,0.087,0.313,0.21,0.563,0.357
0,581,1,0.23,0.17,0.04,0.36,0.05,0.543,0.083,0.333,0.197,0.557,0.353
1,582,0,0.227,0.16,0.04,0.373,0.05,0.543,0.083,0.343,0.193,0.54,0.36
1,583,1,0.223,0.157,0.04,0.38,0.05,0.543,0.083,0.36,0.19,0.533,0.35
0,584,1,0.227,0.16,0.04,0.383,0.05,0.55,0.087,0.37,0.19,0.543,0.347
1,585,0,0.233,0.17,0.04,0.373,0.05,0.553,0.087,0.39,0.203,0.56,0.35
0,586,1,0.24,0.173,0.037,0.38,0.05,0.563,0.087,0.403,0.217,0.567,0.357
1,587,0,0.233,0.167,0.037,0.383,0.047,0.57,0.083,0.403,0.22,0.56,0.347
1,588,1,0.227,0.157,0.037,0.387,0.043,0.57,0.077,0.39,0.207,0.547,0.333
0,589,1,0.217,0.15,0.037,0.4,0.04,0.563,0.073,0.363,0.197,0.533,0.323
0,590,0,0.207,0.143,0.033,0.4,0.04,0.543,0.067,0.333,0.18,0.507,0.31
0,591,0,0.203,0.14,0.03,0.403,0.043,0.543,0.063,0.31,0.173,0.503,0.31
1,592,0,0.203,0.133,0.033,0.397,0.043,0.54,0.063,0.293,0.167,0.503,0.31
1,593,1,0.21,0.13,0.037,0.403,0.043,0.553,0.063,0.28,0.17,0.513,0.327
0,594,1,0.213,0.13,0.04,0.4,0.043,0.553,0.067,0.267,0.173,0.513,0.32
0,595,0,0.25,0.137,0.047,0.427,0.047,0.587,0.083,0.323,0.187,0.523,0.31
1,596,0,0.283,0.15,0.057,0.463,0.05,0.597,0.133,0.37,0.207,0.557,0.3
1,597,1,0.297,0.15,0.06,0.473,0.05,0.607,0.14,0.39,0.217,0.57,0.31
0,598,1,0.267,0.15,0.053,0.453,0.05,0.583,0.127,0.32,0.223,0.58,0.333
1,599,0,0.237,0.147,0.047,0.427,0.05,0.573,0.087,0.267,0.213,0.567,0.333
0,600,1,0.227,0.15,0.043,0.423,0.047,0.567,0.083,0.237,0.217,0.567,0.323
1,601,0,0.223,0.15,0.047,0.42,0.047,0.56,0.083,0.237,0.21,0.563,0.31
0,602,1,0.22,0.157,0.053,0.42,0.043,0.55,0.103,0.24,0.217,0.563,0.313
1,603,0,0.22,0.203,0.127,0.507,0.043,0.55,0.257,0.253,0.283,0.637,0.337
0,604,1,0.22,0.213,0.153,0.54,0.04,0.557,0.29,0.303,0.29,0.653,0.34
1,605,0,0.223,0.207,0.157,0.543,0.04,0.557,0.283,0.373,0.273,0.637,0.333
0,606,1,0.227,0.163,0.097,0.46,0.04,0.547,0.143,0.433,0.197,0.563,0.313
0,607,0,0.233,0.157,0.077,0.43,0.04,0.533,0.12,0.433,0.183,0.543,0.3
1,608,0,0.237,0.157,0.073,0.417,0.04,0.533,0.117,0.407,0.197,0.567,0.307
1,609,1,0.24,0.157,0.067,0.423,0.04,0.53,0.113,0.387,0.193,0.567,0.31
1,610,1,0.243,0.153,0.06,0.423,0.04,0.527,0.113,0.38,0.193,0.563,0.313
1,611,1,0.253,0.16,0.053,0.417,0.04,0.52,0.103,0.383,0.187,0.557,0.313
1,612,1,0.257,0.16,0.047,0.393,0.04,0.517,0.097,0.423,0.193,0.557,0.32
1,613,1,0.26,0.167,0.043,0.39,0.04,0.517,0.09,0.487,0.193,0.56,0.333
0,614,1,0.253,0.16,0.04,0.39,0.043,0.517,0.093,0.517,0.19,0.553,0.337
1,615,0,0.247,0.16,0.04,0.397,0.043,0.52,0.093,0.5,0.18,0.54,0.33
0,616,1,0.22,0.143,0.037,0.37,0.043,0.507,0.09,0.41,0.16,0.493,0.307
1,617,0,0.22,0.143,0.033,0.353,0.043,0.51,0.087,0.383,0.157,0.487,0.303
0,618,1,0.22,0.14,0.033,0.343,0.047,0.51,0.087,0.37,0.16,0.49,0.303
0,619,0,0.237,0.153,0.04,0.353,0.05,0.533,0.09,0.39,0.173,0.523,0.32
1,620,0,0.207,0.147,0.04,0.36,0.047,0.537,0.087,0.33,0.157,0.483,0.297
0,621,1,0.187,0.147,0.037,0.353,0.047,0.553,0.083,0.263,0.143,0.443,0.297
0,622,0,0.187,0.16,0.053,0.373,0.05,0.577,0.12,0.247,0.15,0.46,0.32
0,623,0,0.223,0.18,0.077,0.4,0.057,0.61,0.16,0.283,0.183,0.513,0.363
1,624,0,0.243,0.197,0.103,0.453,0.06,0.613,0.207,0.377,0.2,0.557,0.377
1,625,1,0.257,0.193,0.097,0.45,0.06,0.61,0.187,0.423,0.203,0.553,0.37
0,626,1,0.27,0.19,0.087,0.447,0.06,0.593,0.163,0.45,0.203,0.557,0.363
0,627,0,0.287,0.187,0.08,0.427,0.057,0.6,0.143,0.423,0.217,0.57,0.36
1,628,0,0.383,0.18,0.077,0.437,0.053,0.587,0.14,0.413,0.207,0.553,0.357
1,629,1,0.403,0.177,0.077,0.433,0.05,0.58,0.133,0.413,0.193,0.54,0.357
1,630,1,0.403,0.17,0.067,0.42,0.05,0.567,0.117,0.403,0.177,0.527,0.357
1,631,1,0.31,0.173,0.063,0.403,0.047,0.557,0.11,0.407,0.177,0.53,0.35
1,632,1,0.277,0.173,0.06,0.4,0.043,0.547,0.103,0.4,0.17,0.527,0.337
0,633,1,0.267,0.167,0.057,0.407,0.04,0.54,0.103,0.397,0.16,0.503,0.333
1,634,0,0.26,0.16,0.053,0.41,0.04,0.547,0.097,0.387,0.16,0.503,0.337
0,635,1,0.267,0.157,0.05,0.403,0.04,0.56,0.097,0.397,0.157,0.5,0.357
1,636,0,0.277,0.163,0.05,0.397,0.043,0.57,0.09,0.417,0.16,0.517,0.363
1,637,1,0.28,0.167,0.05,0.397,0.043,0.577,0.09,0.437,0.16,0.517,0.37
0,638,1,0.28,0.17,0.047,0.393,0.043,0.573,0.09,0.443,0.17,0.52,0.353
0,639,0,0.277,0.167,0.043,0.39,0.04,0.573,0.09,0.443,0.173,0.517,0.347
0,640,0,0.28,0.163,0.04,0.387,0.04,0.587,0.087,0.43,0.17,0.51,0.33
0,641,0,0.267,0.157,0.04,0.39,0.04,0.61,0.083,0.41,0.157,0.497,0.323
1,642,0,0.247,0.15,0.04,0.393,0.04,0.617,0.08,0.38,0.153,0.487,0.313
0,643,1,0.223,0.137,0.037,0.387,0.04,0.607,0.073,0.34,0.143,0.47,0.303
1,644,0,0.237,0.13,0.037,0.387,0.04,0.583,0.07,0.32,0.147,0.483,0.303
0,645,1,0.233,0.127,0.037,0.383,0.04,0.573,0.067,0.31,0.14,0.483,0.3
0,646,0,0.243,0.15,0.06,0.443,0.04,0.58,0.11,0.307,0.173,0.513,0.313
1,647,0,0.227,0.167,0.08,0.5,0.04,0.58,0.143,0.3,0.19,0.52,0.317
1,648,1,0.227,0.17,0.083,0.513,0.04,0.577,0.147,0.28,0.19,0.51,0.32
1,649,1,0.223,0.163,0.07,0.473,0.04,0.553,0.113,0.28,0.173,0.497,0.32
1,650,1,0.23,0.153,0.053,0.42,0.04,0.547,0.083,0.27,0.167,0.477,0.32
0,651,1,0.247,0.157,0.05,0.41,0.04,0.547,0.083,0.29,0.183,0.493,0.323
1,652,0,0.247,0.147,0.043,0.397,0.04,0.547,0.077,0.283,0.18,0.487,0.32
1,653,1,0.237,0.14,0.04,0.387,0.04,0.537,0.073,0.273,0.177,0.477,0.307
0,654,1,0.22,0.133,0.04,0.37,0.04,0.527,0.067,0.24,0.16,0.46,0.297
0,655,0,0.217,0.13,0.04,0.357,0.04,0.52,0.063,0.233,0.153,0.45,0.463
1,656,0,0.217,0.13,0.037,0.36,0.04,0.52,0.06,0.243,0.14,0.45,0.547
0,657,1,0.22,0.133,0.033,0.373,0.04,0.527,0.067,0.257,0.14,0.437,0.557
1,658,0,0.23,0.137,0.033,0.387,0.04,0.53,0.073,0.277,0.14,0.443,0.393
1,659,1,0.237,0.143,0.037,0.38,0.04,0.53,0.08,0.3,0.153,0.443,0.323
1,660,1,0.257,0.147,0.04,0.38,0.04,0.523,0.08,0.323,0.16,0.46,0.34
0,661,1,0.26,0.15,0.037,0.373,0.04,0.517,0.08,0.333,0.16,0.453,0.347
0,662,0,0.27,0.147,0.033,0.38,0.04,0.513,0.083,0.33,0.153,0.453,0.343
1,663,0,0.28,0.147,0.03,0.373,0.04,0.513,0.083,0.33,0.15,0.453,0.34
1,664,1,0.283,0.15,0.03,0.367,0.04,0.517,0.083,0.333,0.157,0.457,0.347
0,665,1,0.28,0.157,0.03,0.37,0.04,0.52,0.083,0.337,0.16,0.463,0.36
1,666,0,0.28,0.213,0.08,0.517,0.04,0.52,0.223,0.327,0.237,0.487,0.367
1,667,1,0.287,0.233,0.09,0.53,0.04,0.53,0.233,0.337,0.25,0.503,0.38
1,668,1,0.27,0.237,0.093,0.517,0.037,0.523,0.237,0.313,0.25,0.477,0.367
1,669,1,0.257,0.193,0.047,0.367,0.04,0.533,0.1,0.34,0.187,0.457,0.363
1,670,1,0.253,0.187,0.043,0.36,0.04,0.537,0.093,0.343,0.183,0.447,0.353
1,671,1,0.263,0.193,0.05,0.353,0.043,0.55,0.09,0.377,0.193,0.477,0.367
1,672,1,0.233,0.187,0.053,0.353,0.04,0.543,0.09,0.34,0.183,0.457,0.347
0,673,1,0.2,0.18,0.05,0.347,0.04,0.53,0.093,0.283,0.163,0.42,0.327
1,674,0,0.197,0.19,0.047,0.347,0.047,0.54,0.097,0.243,0.15,0.41,0.35
0,675,1,0.227,0.207,0.047,0.34,0.05,0.553,0.097,0.25,0.16,0.427,0.377
0,676,0,0.27,0.217,0.047,0.347,0.053,0.577,0.097,0.277,0.177,0.453,0.413
1,677,0,0.3,0.227,0.057,0.36,0.05,0.593,0.1,0.303,0.2,0.467,0.41
0,678,1,0.307,0.237,0.063,0.377,0.05,0.607,0.11,0.333,0.207,0.487,0.423
1,679,0,0.293,0.243,0.067,0.373,0.05,0.603,0.11,0.347,0.21,0.497,0.427
1,680,1,0.277,0.24,0.06,0.38,0.047,0.587,0.11,0.353,0.207,0.503,0.433
1,681,1,0.283,0.23,0.053,0.38,0.043,0.573,0.107,0.343,0.2,0.49,0.44
1,682,1,0.3,0.24,0.06,0.39,0.04,0.57,0.113,0.35,0.21,0.507,0.46
0,683,1,0.303,0.233,0.057,0.39,0.04,0.567,0.11,0.35,0.207,0.5,0.47
1,684,0,0.29,0.223,0.053,0.38,0.04,0.557,0.103,0.343,0.207,0.493,0.45
0,685,1,0.273,0.203,0.05,0.377,0.04,0.55,0.1,0.35,0.2,0.477,0.417
1,686,0,0.267,0.197,0.05,0.377,0.04,0.553,0.1,0.36,0.2,0.477,0.407
0,687,1,0.263,0.197,0.053,0.387,0.04,0.557,0.1,0.38,0.2,0.483,0.413
0,688,0,0.263,0.193,0.047,0.397,0.04,0.557,0.1,0.383,0.187,0.477,0.41
1,689,0,0.267,0.19,0.043,0.393,0.04,0.553,0.097,0.39,0.183,0.47,0.403
1,690,1,0.273,0.193,0.047,0.397,0.04,0.56,0.1,0.41,0.193,0.483,0.407
1,691,1,0.273,0.193,0.047,0.39,0.04,0.57,0.093,0.43,0.21,0.5,0.417
0,692,1,0.267,0.19,0.047,0.393,0.04,0.573,0.093,0.433,0.217,0.503,0.42
0,693,0,0.253,0.183,0.047,0.387,0.04,0.567,0.097,0.403,0.22,0.49,0.413
1,694,0,0.24,0.18,0.05,0.383,0.04,0.56,0.093,0.373,0.213,0.47,0.42
1,695,1,0.23,0.177,0.05,0.383,0.04,0.56,0.09,0.337,0.207,0.45,0.413
1,696,1,0.227,0.177,0.047,0.393,0.04,0.567,0.08,0.317,0.21,0.44,0.413
1,697,1,0.223,0.173,0.047,0.397,0.04,0.567,0.08,0.297,0.227,0.44,0.403
1,698,1,0.227,0.18,0.05,0.397,0.04,0.58,0.08,0.283,0.237,0.453,0.42
0,699,1,0.227,0.177,0.05,0.4,0.04,0.58,0.083,0.267,0.237,0.46,0.417
1,700,0,0.227,0.177,0.047,0.417,0.04,0.583,0.083,0.25,0.223,0.453,0.407
1,701,1,0.227,0.173,0.043,0.433,0.04,0.577,0.08,0.24,0.217,0.46,0.39
0,702,1,0.227,0.177,0.04,0.433,0.04,0.58,0.077,0.237,0.21,0.463,0.39
1,703,0,0.23,0.18,0.043,0.427,0.04,0.58,0.077,0.237,0.227,0.483,0.41
1,704,1,0.24,0.183,0.05,0.42,0.04,0.577,0.083,0.243,0.243,0.49,0.417
0,705,1,0.243,0.187,0.057,0.42,0.04,0.57,0.09,0.26,0.247,0.49,0.437
0,706,0,0.24,0.183,0.06,0.41,0.04,0.563,0.093,0.26,0.237,0.487,0.437
1,707,0,0.23,0.17,0.057,0.387,0.037,0.55,0.09,0.253,0.217,0.47,0.44
1,708,1,0.227,0.163,0.053,0.37,0.037,0.57,0.083,0.253,0.207,0.46,0.437
0,709,1,0.24,0.157,0.047,0.363,0.037,0.567,0.08,0.267,0.187,0.44,0.423
1,710,0,0.25,0.163,0.047,0.377,0.04,0.573,0.08,0.287,0.19,0.45,0.413
1,711,1,0.26,0.167,0.047,0.38,0.04,0.55,0.08,0.293,0.193,0.46,0.407
1,712,1,0.267,0.173,0.047,0.383,0.04,0.56,0.08,0.313,0.203,0.48,0.417
1,713,1,0.27,0.217,0.047,0.383,0.04,0.553,0.083,0.337,0.203,0.48,0.427
1,714,1,0.27,0.233,0.043,0.387,0.04,0.55,0.09,0.343,0.2,0.48,0.433
1,715,1,0.267,0.243,0.05,0.387,0.04,0.54,0.097,0.347,0.207,0.483,0.447
1,716,1,0.263,0.213,0.053,0.383,0.04,0.543,0.103,0.363,0.223,0.49,0.463
1,717,1,0.263,0.207,0.057,0.377,0.04,0.547,0.103,0.38,0.24,0.503,0.48
0,718,1,0.26,0.21,0.053,0.373,0.04,0.553,0.107,0.38,0.243,0.507,0.5
0,719,0,0.26,0.213,0.05,0.377,0.04,0.56,0.107,0.37,0.237,0.513,0.507
1,720,0,0.237,0.203,0.047,0.377,0.037,0.55,0.107,0.34,0.21,0.467,0.487
1,721,1,0.24,0.217,0.053,0.377,0.037,0.56,0.11,0.42,0.23,0.543,0.553
1,722,1,0.243,0.23,0.057,0.38,0.037,0.567,0.113,0.443,0.243,0.617,0.667
1,723,1,0.26,0.26,0.063,0.387,0.04,0.593,0.117,0.487,0.263,0.723,0.843
1,724,1,0.247,0.267,0.063,0.39,0.04,0.6,0.117,0.393,0.25,0.707,0.877
0,725,1,0.22,0.27,0.06,0.38,0.04,0.64,0.11,0.32,0.22,0.637,0.84
1,726,0,0.217,0.287,0.06,0.367,0.043,0.67,0.11,0.27,0.223,0.61,0.803
1,727,1,0.223,0.3,0.06,0.36,0.047,0.687,0.113,0.267,0.227,0.613,0.79
1,728,1,0.24,0.3,0.07,0.37,0.05,0.66,0.133,0.293,0.25,0.66,0.773
1,729,1,0.25,0.29,0.077,0.387,0.05,0.633,0.143,0.317,0.27,0.69,0.717
0,730,1,0.26,0.287,0.097,0.41,0.053,0.627,0.173,0.337,0.287,0.677,0.66
0,731,0,0.277,0.32,0.217,0.463,0.053,0.623,0.327,0.35,0.37,0.687,0.637
1,732,0,0.283,0.31,0.257,0.477,0.05,0.617,0.35,0.353,0.373,0.637,0.58
1,733,1,0.28,0.31,0.257,0.473,0.043,0.61,0.327,0.433,0.353,0.59,0.533
0,734,1,0.277,0.277,0.163,0.42,0.04,0.603,0.173,0.463,0.287,0.547,0.497
1,735,0,0.273,0.27,0.15,0.413,0.04,0.603,0.157,0.473,0.28,0.533,0.48
0,736,1,0.27,0.243,0.147,0.397,0.04,0.583,0.147,0.39,0.29,0.537,0.473
0,737,0,0.267,0.233,0.15,0.403,0.04,0.573,0.153,0.373,0.3,0.543,0.46
1,738,0,0.263,0.227,0.153,0.417,0.04,0.57,0.163,0.377,0.313,0.55,0.453
0,739,1,0.263,0.227,0.19,0.44,0.04,0.58,0.187,0.387,0.337,0.57,0.45
1,740,0,0.267,0.217,0.193,0.443,0.04,0.587,0.177,0.41,0.323,0.557,0.447
1,741,1,0.273,0.213,0.183,0.42,0.04,0.593,0.153,0.427,0.3,0.55,0.463
0,742,1,0.28,0.203,0.153,0.407,0.04,0.587,0.13,0.447,0.28,0.53,0.47
0,743,0,0.273,0.197,0.133,0.393,0.04,0.587,0.117,0.433,0.273,0.523,0.473
1,744,0,0.26,0.19,0.127,0.393,0.04,0.583,0.113,0.423,0.277,0.523,0.463
0,745,1,0.24,0.187,0.117,0.383,0.04,0.583,0.107,0.4,0.263,0.52,0.45
1,746,0,0.23,0.183,0.113,0.38,0.037,0.573,0.1,0.38,0.25,0.503,0.453
0,747,1,0.227,0.177,0.11,0.387,0.037,0.567,0.097,0.363,0.227,0.48,0.43
1,748,0,0.23,0.18,0.11,0.397,0.037,0.567,0.093,0.36,0.233,0.477,0.42
0,749,1,0.23,0.183,0.113,0.41,0.04,0.573,0.093,0.343,0.243,0.483,0.4
0,750,0,0.23,0.19,0.123,0.407,0.04,0.583,0.097,0.33,0.267,0.497,0.403
0,751,0,0.233,0.187,0.133,0.413,0.04,0.573,0.107,0.307,0.27,0.497,0.403
1,752,0,0.227,0.177,0.127,0.42,0.04,0.57,0.11,0.29,0.253,0.477,0.403
1,753,1,0.23,0.173,0.12,0.44,0.04,0.56,0.11,0.27,0.253,0.477,0.42
1,754,1,0.23,0.173,0.11,0.437,0.04,0.573,0.103,0.257,0.247,0.47,0.433
1,755,1,0.24,0.187,0.117,0.43,0.04,0.577,0.107,0.26,0.29,0.497,0.447
1,756,1,0.243,0.193,0.113,0.413,0.04,0.58,0.107,0.253,0.303,0.507,0.467
0,757,1,0.243,0.197,0.113,0.413,0.04,0.577,0.107,0.257,0.307,0.513,0.48
1,758,0,0.243,0.193,0.11,0.41,0.04,0.573,0.107,0.257,0.28,0.503,0.49
1,759,1,0.237,0.193,0.11,0.403,0.037,0.563,0.107,0.263,0.26,0.497,0.48
1,760,1,0.233,0.2,0.113,0.403,0.033,0.56,0.113,0.27,0.267,0.5,0.493
0,761,1,0.23,0.217,0.107,0.407,0.03,0.56,0.113,0.273,0.267,0.49,0.51
1,762,0,0.243,0.223,0.103,0.407,0.03,0.557,0.11,0.297,0.267,0.483,0.553
1,763,1,0.253,0.237,0.1,0.407,0.03,0.553,0.11,0.317,0.257,0.487,0.553
0,764,1,0.267,0.23,0.103,0.397,0.03,0.543,0.107,0.34,0.253,0.5,0.54
0,765,0,0.263,0.237,0.107,0.4,0.033,0.553,0.117,0.337,0.26,0.51,0.507
0,766,0,0.263,0.24,0.13,0.413,0.037,0.557,0.17,0.33,0.307,0.517,0.493
1,767,0,0.27,0.247,0.15,0.42,0.037,0.563,0.193,0.327,0.327,0.517,0.49
0,768,1,0.277,0.247,0.177,0.427,0.033,0.57,0.223,0.337,0.367,0.52,0.473
1,769,0,0.28,0.233,0.177,0.42,0.033,0.577,0.19,0.343,0.343,0.513,0.463
1,770,1,0.273,0.223,0.173,0.413,0.037,0.58,0.183,0.347,0.333,0.503,0.45
0,771,1,0.267,0.207,0.163,0.403,0.04,0.57,0.163,0.347,0.297,0.49,0.44
0,772,0,0.243,0.193,0.15,0.39,0.037,0.55,0.163,0.32,0.267,0.447,0.403
1,773,0,0.24,0.19,0.153,0.393,0.037,0.557,0.163,0.323,0.263,0.45,0.4
0,774,1,0.247,0.197,0.17,0.433,0.037,0.567,0.197,0.337,0.273,0.457,0.413
0,775,0,0.27,0.203,0.19,0.433,0.04,0.593,0.197,0.39,0.283,0.493,0.443
0,776,0,0.263,0.227,0.23,0.447,0.04,0.603,0.243,0.373,0.31,0.497,0.44
1,777,0,0.237,0.24,0.27,0.437,0.04,0.607,0.28,0.317,0.327,0.473,0.427
1,778,1,0.233,0.247,0.287,0.44,0.043,0.613,0.293,0.257,0.33,0.457,0.437
1,779,1,0.237,0.237,0.263,0.41,0.05,0.613,0.247,0.253,0.3,0.453,0.463
1,780,1,0.25,0.233,0.213,0.367,0.057,0.617,0.167,0.277,0.26,0.457,0.493
1,781,1,0.243,0.23,0.18,0.353,0.06,0.613,0.137,0.29,0.247,0.447,0.51
1,782,1,0.24,0.23,0.163,0.35,0.057,0.613,0.123,0.287,0.243,0.443,0.533
1,783,1,0.24,0.23,0.15,0.347,0.053,0.613,0.117,0.29,0.24,0.45,0.547
1,784,1,0.257,0.237,0.15,0.34,0.05,0.61,0.11,0.3,0.24,0.46,0.55
1,785,1,0.26,0.233,0.14,0.35,0.047,0.603,0.11,0.307,0.223,0.45,0.54
0,786,1,0.267,0.23,0.14,0.353,0.043,0.607,0.107,0.317,0.227,0.457,0.537
0,787,0,0.253,0.227,0.137,0.357,0.04,0.603,0.107,0.323,0.22,0.457,0.547
1,788,0,0.25,0.223,0.137,0.35,0.04,0.597,0.103,0.32,0.233,0.457,0.537
0,789,1,0.24,0.223,0.137,0.357,0.04,0.583,0.107,0.313,0.233,0.443,0.527
1,790,0,0.233,0.227,0.137,0.363,0.04,0.577,0.103,0.31,0.247,0.44,0.513
1,791,1,0.23,0.23,0.14,0.377,0.04,0.583,0.103,0.323,0.25,0.45,0.513
0,792,1,0.233,0.227,0.137,0.38,0.04,0.587,0.097,0.337,0.243,0.45,0.513
1,793,0,0.23,0.217,0.13,0.387,0.04,0.6,0.1,0.343,0.227,0.443,0.503
0,794,1,0.237,0.213,0.123,0.38,0.04,0.597,0.1,0.353,0.23,0.437,0.507
0,795,0,0.237,0.213,0.12,0.373,0.04,0.607,0.103,0.363,0.243,0.443,0.51
0,796,0,0.237,0.22,0.14,0.38,0.04,0.6,0.113,0.377,0.267,0.46,0.517
0,797,0,0.227,0.22,0.167,0.393,0.04,0.603,0.13,0.37,0.27,0.467,0.507
0,798,0,0.22,0.207,0.177,0.403,0.04,0.603,0.13,0.35,0.26,0.46,0.48
0,799,0,0.21,0.19,0.16,0.397,0.04,0.603,0.117,0.317,0.237,0.443,0.46
1,800,0,0.203,0.18,0.147,0.39,0.04,0.597,0.1,0.287,0.233,0.437,0.457
1,801,1,0.2,0.183,0.143,0.39,0.04,0.58,0.097,0.283,0.233,0.447,0.467
1,802,1,0.207,0.193,0.15,0.397,0.04,0.577,0.097,0.28,0.243,0.46,0.487
0,803,1,0.223,0.193,0.143,0.403,0.04,0.577,0.093,0.28,0.237,0.46,0.49
1,804,0,0.217,0.187,0.137,0.423,0.04,0.58,0.097,0.25,0.23,0.437,0.47
1,805,1,0.22,0.183,0.133,0.42,0.04,0.59,0.093,0.237,0.23,0.437,0.493
0,806,1,0.213,0.18,0.133,0.417,0.04,0.6,0.09,0.227,0.223,0.44,0.5
1,807,0,0.23,0.187,0.133,0.4,0.04,0.613,0.083,0.23,0.23,0.46,0.52
0,808,1,0.233,0.187,0.137,0.397,0.04,0.62,0.087,0.227,0.23,0.487,0.507
0,809,0,0.23,0.2,0.17,0.407,0.04,0.617,0.117,0.233,0.26,0.553,0.497
0,810,0,0.227,0.213,0.217,0.417,0.04,0.607,0.157,0.237,0.283,0.627,0.5
0,811,0,0.23,0.217,0.237,0.423,0.04,0.59,0.17,0.243,0.29,0.677,0.483
1,812,0,0.23,0.203,0.227,0.423,0.037,0.583,0.157,0.24,0.267,0.64,0.47
1,813,1,0.22,0.183,0.187,0.407,0.033,0.58,0.123,0.243,0.227,0.56,0.467
1,814,1,0.217,0.18,0.17,0.4,0.03,0.64,0.11,0.25,0.22,0.483,0.483
0,815,1,0.217,0.183,0.15,0.387,0.03,0.647,0.1,0.267,0.21,0.453,0.497
0,816,0,0.227,0.187,0.15,0.397,0.033,0.643,0.1,0.283,0.223,0.457,0.497
0,817,0,0.227,0.183,0.153,0.397,0.037,0.583,0.107,0.293,0.217,0.47,0.477
1,818,0,0.227,0.18,0.157,0.393,0.04,0.573,0.107,0.297,0.217,0.49,0.477
0,819,1,0.223,0.18,0.157,0.377,0.04,0.573,0.107,0.303,0.21,0.517,0.47
1,820,0,0.223,0.183,0.143,0.37,0.04,0.57,0.097,0.307,0.21,0.52,0.477
1,821,1,0.227,0.19,0.137,0.357,0.04,0.57,0.093,0.303,0.21,0.523,0.473
1,822,1,0.233,0.2,0.14,0.36,0.04,0.573,0.097,0.303,0.223,0.527,0.487
1,823,1,0.233,0.203,0.14,0.357,0.04,0.573,0.103,0.307,0.223,0.527,0.483
0,824,1,0.233,0.207,0.137,0.367,0.04,0.577,0.103,0.323,0.223,0.52,0.497
1,825,0,0.21,0.193,0.12,0.363,0.037,0.56,0.1,0.307,0.2,0.48,0.463
0,826,1,0.21,0.193,0.12,0.363,0.037,0.567,0.097,0.347,0.193,0.483,0.473
1,827,0,0.21,0.19,0.12,0.363,0.037,0.57,0.1,0.507,0.19,0.483,0.47
1,828,1,0.22,0.2,0.133,0.36,0.04,0.587,0.103,0.537,0.21,0.513,0.487
1,829,1,0.197,0.2,0.127,0.363,0.04,0.587,0.103,0.47,0.217,0.48,0.467
0,830,1,0.187,0.22,0.123,0.36,0.043,0.6,0.11,0.283,0.217,0.47,0.5
1,831,0,0.2,0.247,0.13,0.36,0.047,0.623,0.113,0.29,0.23,0.483,0.553
1,832,1,0.23,0.273,0.143,0.353,0.05,0.64,0.12,0.387,0.247,0.53,0.607
0,833,1,0.247,0.27,0.147,0.363,0.05,0.643,0.12,0.413,0.257,0.547,0.603
0,834,0,0.253,0.267,0.15,0.383,0.05,0.633,0.13,0.387,0.257,0.557,0.593
1,835,0,0.257,0.273,0.16,0.403,0.05,0.64,0.14,0.313,0.257,0.573,0.603
1,836,1,0.267,0.29,0.17,0.407,0.05,0.637,0.143,0.307,0.273,0.593,0.63
0,837,1,0.27,0.297,0.16,0.403,0.05,0.64,0.14,0.317,0.263,0.59,0.65
0,838,0,0.277,0.363,0.273,0.46,0.047,0.643,0.267,0.333,0.353,0.647,0.677
1,839,0,0.27,0.413,0.393,0.513,0.043,0.647,0.367,0.343,0.417,0.713,0.673
0,840,1,0.26,0.623,0.68,0.663,0.043,0.64,0.653,0.38,0.57,0.857,0.773
0,841,0,0.247,0.79,0.837,0.78,0.167,0.67,0.743,0.467,0.607,0.927,0.863
1,842,0,0.253,0.93,0.93,0.83,0.403,0.733,0.787,0.55,0.623,0.97,0.957
0,843,1,0.253,0.82,0.777,0.76,0.72,0.793,0.567,0.583,0.51,0.887,0.89
1,844,0,0.253,0.677,0.607,0.677,0.89,0.82,0.423,0.537,0.397,0.783,0.81
1,845,1,0.25,0.587,0.48,0.617,0.947,0.877,0.333,0.483,0.353,0.713,0.767
0,846,1,0.253,0.607,0.423,0.55,0.9,0.917,0.307,0.447,0.35,0.697,0.853
0,847,0,0.257,0.607,0.377,0.473,0.857,0.92,0.263,0.423,0.357,0.7,0.873
1,848,0,0.247,0.567,0.343,0.443,0.777,0.843,0.237,0.407,0.34,0.687,0.85
0,849,1,0.243,0.503,0.323,0.437,0.713,0.797,0.22,0.383,0.337,0.673,0.74
1,850,0,0.233,0.47,0.317,0.423,0.66,0.753,0.207,0.377,0.337,0.657,0.703
1,851,1,0.217,0.447,0.3,0.403,0.633,0.717,0.197,0.403,0.32,0.627,0.657
1,852,1,0.2,0.467,0.307,0.4,0.593,0.67,0.197,0.41,0.33,0.63,0.653
0,853,1,0.193,0.533,0.333,0.41,0.557,0.647,0.23,0.41,0.403,0.66,0.693
1,854,0,0.193,0.54,0.34,0.43,0.577,0.633,0.243,0.37,0.41,0.663,0.7
